week,year,gen_acc_balance,rev_acc_balance,com_acc_balance,forked_accounts_balance,total_portfolio_value,weekly_income,active_forked_accounts,total_forked_accounts_created,quarterly_reinvestment,is_success_week,market_condition
1,1,121484.28591638376,90874.85287057313,90415.0157501416,0.0,302774.1545370985,2774.154537098487,0,0,0.0,True,normal
2,1,121335.65848888521,90827.97361279657,90416.58701436054,0.0,302580.2191160423,-193.93542105615933,0,0,0.0,False,normal
3,1,122710.54224059805,91575.35820430172,90973.83942229289,0.0,305259.7398671927,2679.5207511503413,0,0,0.0,True,normal
4,1,124119.47083911604,91839.474578656,91309.80335319972,0.0,307268.7487709718,2009.00890377909,0,0,0.0,True,normal
5,1,124240.00701082857,91895.73853546534,91440.38861666207,0.0,307576.134162956,307.38539198422643,0,0,0.0,False,normal
6,1,125692.71313659243,93009.77506465511,91913.78663316485,0.0,310616.2748344124,3040.140671456414,0,0,0.0,True,normal
7,1,127139.5535745966,93764.58643245125,92726.29037923279,0.0,313630.43038628064,3014.1555518682508,0,0,0.0,True,normal
8,1,127373.1630747386,93854.20417119986,92599.18668026362,0.0,313826.55392620206,196.123539921436,0,0,0.0,False,normal
9,1,127324.8929122821,93704.5672285367,92674.55091299233,0.0,313704.0110538111,-122.54287239093743,0,0,0.0,False,normal
10,1,127324.8929122821,94767.6223959517,93043.8883077957,0.0,315136.4036160295,1432.3925622183551,0,0,0.0,True,normal
11,1,127104.86014451306,94771.2023577887,93044.02892675855,0.0,314920.0914290603,-216.31218696918728,0,0,0.0,False,normal
12,1,126866.53023818081,94685.4963104317,93051.1222155881,0.0,314603.1487642006,-316.94266485969433,0,0,0.0,False,normal
13,1,125901.10316286767,93876.44684048771,92428.57014208636,0.0,312206.12014544173,54.4482896843742,0,0,12206.120145441775,False,normal
14,1,127696.32847105754,94706.2678852565,92843.23712809556,0.0,315245.8334844096,3039.7133389678497,0,0,0.0,True,normal
15,1,127632.58091572874,94764.95862029746,92923.0225441899,0.0,315320.56208021607,74.72859580651044,0,0,0.0,False,normal
16,1,127420.34107330648,94605.21155304345,92999.2091776014,0.0,315024.76180395135,-295.80027626477704,0,0,0.0,False,normal
17,1,126725.35596256197,95350.95650956087,93422.76536603872,0.0,315499.07783816155,474.31603421021697,0,0,0.0,True,normal
18,1,128631.50333650882,96240.94096755542,93833.47749330115,0.0,318705.9217973654,3206.8439592038285,0,0,0.0,True,normal
19,1,128448.6431934267,96098.03899331857,93885.1930408677,0.0,318431.87522761297,-274.04656975243086,0,0,0.0,False,normal
20,1,129336.63239371713,97081.14164242861,94352.81325637328,0.0,320770.58729251905,2338.7120649060475,0,0,0.0,True,normal
21,1,129431.46385255414,97188.84702001873,94502.00514732297,0.0,321122.31601989584,351.7287273768187,0,0,0.0,False,normal
22,1,131187.78412048423,98025.17752613453,94993.51915706544,0.0,324206.4808036842,3084.1647837883625,0,0,0.0,True,normal
23,1,131082.37825990826,97928.517887746,94994.68308049852,0.0,324005.5792281528,-200.9015755314289,0,0,0.0,False,normal
24,1,132702.742425547,98264.98793082683,95151.79884631424,0.0,326119.5292026881,2113.9499745352964,0,0,0.0,True,normal
25,1,133376.25495276178,99068.58328109643,95659.70871627989,0.0,328104.5469501381,1985.0177474500372,0,0,0.0,True,normal
26,1,132109.97754781749,98068.60887841179,95052.88866282481,0.0,325231.4750890541,-175.43308793417202,0,0,13025.354943612347,False,normal
27,1,133730.16596906853,99879.93252901055,95526.3054697494,0.0,329136.4039678285,3904.9288787743913,0,0,0.0,True,normal
28,1,135311.46855233962,101026.17150074684,95897.14463689804,0.0,332234.7846899845,3098.380722156031,0,0,0.0,True,normal
29,1,135121.1640610943,100963.90475705596,96055.49397199653,0.0,332140.5627901468,-94.22189983768723,0,0,0.0,False,normal
30,1,136729.80825162522,101380.53398173813,96481.26996812917,0.0,334591.61220149253,2451.049411345706,0,0,0.0,True,normal
31,1,136835.7499952953,101387.16096263699,96426.40021853632,0.0,334649.3111764686,57.69897497607889,0,0,0.0,False,normal
32,1,136794.03336021816,101200.45730301067,96532.55876317788,0.0,334527.04942640674,-122.26175006190667,0,0,0.0,False,normal
33,1,139324.54498666793,102294.13672018009,97013.2865885403,0.0,338631.96829538833,4104.9188689816265,0,0,0.0,True,normal
34,1,141137.81406356517,103335.0850349555,97816.3808353041,0.0,342289.2799338248,3657.3116384364266,0,0,0.0,True,normal
35,1,142926.23871219862,104193.64680246131,98232.90501503374,0.0,345352.79052969365,3063.510595868918,0,0,0.0,True,normal
36,1,144934.9063500666,105365.68991320056,98742.49049996075,0.0,349043.08676322794,3690.2962335342268,0,0,0.0,True,normal
37,1,145138.8291153221,105532.0140188341,98607.190154115,0.0,349278.03328827117,234.9465250432935,0,0,0.0,False,normal
38,1,148616.4669198408,105532.0140188341,99372.20746711135,0.0,353520.6884057863,4242.655117515052,0,0,0.0,True,normal
39,1,146124.09662169614,104283.55926861314,98825.46546117926,0.0,349233.1213514885,424.51009646222826,0,0,24001.646262434424,False,normal
40,1,147882.04126794785,105155.36915157698,98573.9119302288,0.0,351611.32234975364,2378.2009982650798,0,0,0.0,True,normal
41,1,150263.69452676116,106028.90020217278,99039.47226128376,0.0,355332.0669902177,3720.744640464084,0,0,0.0,True,normal
42,1,151188.7594996312,106973.996753762,99222.78498274006,0.0,357385.54123613326,2053.4742459155455,0,0,0.0,True,normal
43,1,153235.46535329215,107985.35259998731,99674.45594441783,0.0,360895.27389769733,3509.732661564016,0,0,0.0,True,normal
44,1,153100.70660251088,108145.56740482508,99863.36772356788,0.0,361109.6417309038,214.36783320654695,0,0,0.0,False,normal
45,1,155440.6119255855,107798.79743592204,99863.36772356788,0.0,363102.7770850754,1993.13535417155,0,0,0.0,True,normal
46,1,155502.41287545802,107790.81905107095,99989.46533797806,0.0,363282.69726450706,179.92017943163447,0,0,0.0,False,normal
47,1,157674.39619978511,108229.2967410456,100375.30735680083,0.0,366279.00029763154,2996.303033124514,0,0,0.0,True,normal
48,1,157769.34823724968,108294.93017611025,100464.57184694915,0.0,366528.8502603091,249.84996267754136,0,0,0.0,False,normal
49,1,160568.1755656934,109205.85584709237,100905.43691895904,0.0,370679.4683317448,4150.618071435727,0,0,0.0,True,normal
50,1,162470.6727890253,110125.05029960691,101667.77030934925,0.0,374263.49339798145,3584.025066236627,0,0,0.0,True,normal
51,1,164509.48697252877,111312.72770965574,101485.06097845978,0.0,377307.2756606443,3043.782262662846,0,0,0.0,True,normal
52,1,161072.349709996,109822.37491559846,101192.13846241108,0.0,372086.8630880055,124.5729170808697,0,0,22853.741736516953,False,normal
53,2,162804.67074526093,110147.53446193291,101362.41465656982,0.0,374314.6198637637,2227.756775758119,0,0,0.0,True,drawdown
54,2,164281.25570164746,110898.42076717192,101512.3161821798,0.0,376691.99265099916,2377.3727872354975,0,0,0.0,True,drawdown
55,2,167993.69132194814,112395.49638203304,101419.57903068428,0.0,381808.7667346655,5116.774083666286,0,0,0.0,True,drawdown
56,2,167820.22043591453,112378.71956383315,101375.43730014091,0.0,381574.3772998886,-234.389434776866,0,0,0.0,False,drawdown
57,2,167820.22043591453,113400.16594052708,101729.47460902034,0.0,382949.8609854619,1375.4836855733647,0,0,0.0,True,drawdown
58,2,167929.61429738055,113317.03707750374,101772.12369649232,0.0,383018.7750713766,68.91408591468499,0,0,0.0,False,drawdown
59,2,167813.46074221237,113418.94516897791,101761.50403723608,0.0,382993.90994842636,-24.865122950259256,0,0,0.0,False,drawdown
60,2,167776.05839613316,113460.49699987067,101700.00897550302,0.0,382936.56437150686,-57.34557691952604,0,0,0.0,False,drawdown
61,2,170146.85583551228,114273.0608421365,101700.00897550302,0.0,386119.9256531518,3183.361281644964,0,0,0.0,True,drawdown
62,2,170957.28432042187,115128.06925831293,101775.83846769006,0.0,387861.19204642484,1741.2663932730609,0,0,0.0,True,drawdown
63,2,170808.57448823823,115074.72609935762,101725.34804135021,0.0,387608.64862894604,-252.54341747878232,0,0,0.0,False,drawdown
64,2,174840.75400152797,115424.0297228421,101936.2282870238,0.0,392201.01201139385,4592.363382447794,0,0,0.0,True,drawdown
65,2,173319.469212921,114799.2778501905,101968.49611288258,0.0,390087.2431759941,1502.7082084682543,0,0,18000.38008798855,True,drawdown
66,2,175640.73110774547,116228.35014815316,102105.42957724408,0.0,393974.51083314273,3887.267657148618,0,0,0.0,True,drawdown
67,2,177618.69366116554,116967.27718788346,102281.45106975696,0.0,396867.4219188059,2892.9110856632606,0,0,0.0,True,drawdown
68,2,179933.01053955418,117392.32499622411,102494.31180864181,0.0,399819.64734442014,2952.225425614114,0,0,0.0,True,drawdown
69,2,182076.62893717704,118196.77113182226,102792.32001054572,0.0,403065.720079545,3246.0727351249247,0,0,0.0,True,drawdown
70,2,182163.04161075814,118402.78676076572,102921.23755169199,0.0,403487.0659232159,421.34584367082095,0,0,0.0,False,drawdown
71,2,182404.38992863757,118331.57889047799,103002.32501875283,0.0,403738.2938378684,251.22791465253516,0,0,0.0,False,drawdown
72,2,184861.28671041824,119396.9247570613,103301.33995228556,0.0,407559.5514197651,3821.2575818967166,0,0,0.0,True,drawdown
73,2,184868.09970330523,119503.18029973323,103174.99482196345,0.0,407546.27482500195,-13.276594763198844,0,0,0.0,False,drawdown
74,2,187145.8589692956,120656.0349795913,103329.07665893949,0.0,411130.97060782637,3584.6957828244954,0,0,0.0,True,drawdown
75,2,186852.50473747918,120486.02412492181,103383.30642007587,0.0,410721.83528247685,-409.13532534953436,0,0,0.0,False,drawdown
76,2,190465.36876800467,121353.61725009116,103580.027285859,0.0,415399.01330395485,4677.178021478,0,0,0.0,True,drawdown
77,2,192970.69740687087,122118.6791700649,103920.39367647807,0.0,419009.7702534138,3610.7569494589934,0,0,0.0,True,drawdown
78,2,190476.6304057314,120976.46123933718,103838.85184027295,0.0,415291.94348534156,1111.5899346332108,0,0,25204.700309347467,True,drawdown
79,2,192458.41633417705,122144.3830386627,104194.31102860531,0.0,418797.11040144507,3505.1669161035184,0,0,0.0,True,drawdown
80,2,194801.33619702232,123215.34469263462,104423.15682131541,0.0,422439.83771097235,3642.727309527286,0,0,0.0,True,drawdown
81,2,194805.82792299156,123032.48682494393,104311.40319447863,0.0,422149.7179424141,-290.11976855822115,0,0,0.0,False,drawdown
82,2,194989.61000644334,122849.98759697587,104313.89331758943,0.0,422153.49092100863,3.7729785945257426,0,0,0.0,False,drawdown
83,2,195028.66688054058,122689.3938123918,104244.83551222953,0.0,421962.89620516193,-190.5947158467285,0,0,0.0,False,drawdown
84,2,195247.32676204448,122864.04937483327,104068.62617520134,0.0,422180.0023120791,217.1061069171843,0,0,0.0,False,drawdown
85,2,198444.81932503358,123984.23490043497,104432.45056605371,0.0,426861.5047915223,4681.5024794431665,0,0,0.0,True,drawdown
86,2,200560.76321403479,123984.23490043497,104597.44454858692,0.0,429142.44266305666,2280.9378715344224,0,0,0.0,True,drawdown
87,2,200315.9043079802,123943.93000485367,104469.97744275424,0.0,428729.8117555881,-412.63090746855164,0,0,0.0,False,drawdown
88,2,202574.3483373794,124400.07908411998,104810.05910859039,0.0,431784.48653008975,3054.6747745016273,0,0,0.0,True,drawdown
89,2,200665.68186226164,124802.63490652214,105059.0916673498,0.0,430527.4084361336,-1257.0780939561905,0,0,0.0,True,drawdown
90,2,200684.55212484908,124976.96534243497,104871.68544712578,0.0,430533.2029144098,5.7944782762456555,0,0,0.0,False,drawdown
91,2,199400.6251975344,124407.74811683813,104632.99850770143,0.0,428441.37182207394,475.3916103236041,0,0,13149.428336732382,False,drawdown
92,2,199749.73380700432,124352.89435870083,104449.33295063324,0.0,428551.9611163384,110.58929426442248,0,0,0.0,False,drawdown
93,2,200624.6826344656,125192.40546935849,104620.0132652958,0.0,430437.10136911983,1885.1402527815098,0,0,0.0,True,drawdown
94,2,200675.02204836265,125087.18668406174,104560.94274554795,0.0,430323.1514779724,-113.94989114757358,0,0,0.0,False,drawdown
95,2,200675.02204836265,125497.75337635104,104764.9906383277,0.0,430937.7660630414,614.6145850690442,0,0,0.0,True,drawdown
96,2,200609.30166181363,125692.6587329695,104724.26265701833,0.0,431026.22305180144,88.45698876009214,0,0,0.0,False,drawdown
97,2,200609.30166181363,126855.65277069251,104814.54530872435,0.0,432279.49974123045,1253.2766894290198,0,0,0.0,True,drawdown
98,2,200470.67007758422,126974.15435514622,104907.60529817748,0.0,432352.4297309079,72.92998967743249,0,0,0.0,False,drawdown
99,2,202965.19049119778,127290.6055247475,104988.62294759775,0.0,435244.418963543,2891.989232635105,0,0,0.0,True,drawdown
100,2,205092.22393104463,128760.08039030163,105193.83064837957,0.0,439046.13496972586,3801.716006182825,0,0,0.0,True,drawdown
101,2,210086.95200819592,129953.010456288,105370.71818000442,0.0,445410.6806444883,6364.545674762507,0,0,0.0,True,drawdown
102,2,210255.5145357849,129797.05905598715,105414.15395854958,0.0,445466.7275503216,56.04690583328837,0,0,0.0,False,drawdown
103,2,210255.5145357849,130549.82602429268,105479.56739016437,0.0,446284.90795024193,818.18039992033,0,0,0.0,True,drawdown
104,2,210395.94865550642,130041.43859983399,105464.83658686279,0.0,445902.2238422032,3153.5717658742624,0,0,17460.85202012922,True,drawdown
105,3,213074.55464747903,132062.31850371044,106096.86291904536,0.0,451233.73607023485,5331.5122280316455,0,0,0.0,True,normal
106,3,218098.9261046581,132441.92662615256,106327.6615648117,0.0,456868.51429562236,5634.778225387524,0,0,0.0,True,normal
107,3,120000.0,133994.95213114924,106802.41815723997,101059.44249286657,461856.8127812558,4988.298485633405,1,1,0.0,True,normal
108,3,121358.70895753312,135063.49031351297,107320.75796135106,101824.43055072433,465567.3877831215,3710.5750018656927,1,1,0.0,True,normal
109,3,121299.63679687967,135278.78891064588,107318.99491575186,101682.98659066901,465580.40721394646,13.019430824940372,1,1,0.0,False,normal
110,3,123005.1778965935,136540.98414428005,107807.57887511655,102194.18605453937,469547.9269705295,3967.5197565830717,1,1,0.0,True,normal
111,3,122867.35898633295,136307.79751688987,107727.40130076579,102181.3342619985,469083.8920659871,-464.0349045423518,1,1,0.0,False,normal
112,3,122892.278005276,136388.20333463638,107553.83103067856,102115.39331483163,468949.70568542264,-134.18638056454733,1,1,0.0,False,normal
113,3,126123.81214718371,137737.29618795824,108390.86175088793,103532.40631640889,475784.3764024388,6834.670717016187,1,1,0.0,True,normal
114,3,126990.63336386511,138712.7198377811,108576.29509083064,104625.75330133457,478905.40159381146,3121.0251913726365,1,1,0.0,True,normal
115,3,129328.87373115818,140148.13872277224,109045.31414036306,105191.21349812875,483713.5400924223,4808.138498610831,1,1,0.0,True,normal
116,3,129190.2590313737,140280.1826001683,109180.87567340185,105243.51322357716,483894.83052852104,181.29043609878258,1,1,0.0,False,normal
117,3,127664.76587690077,138669.79244426874,108724.50660952728,104603.4484354735,479662.5133661703,135.5306928459564,1,1,23096.795686606976,False,normal
118,3,127690.40657746646,138875.76072407354,108812.31758796808,104758.4205394965,480136.9054290046,474.39206283429075,1,1,0.0,False,normal
119,3,127824.81363552027,138896.53832399278,108848.05908431455,104602.9302488923,480172.3412927199,35.435863715320664,1,1,0.0,False,normal
120,3,129360.37556572638,140339.72893477092,109264.8198665148,104876.34516000695,483841.26952701906,3668.928234299152,1,1,0.0,True,normal
121,3,129147.88225383552,140113.66673956817,109077.6523500351,104956.83226861268,483296.03361205145,-545.2359149675814,1,1,0.0,False,normal
122,3,130775.82088915636,141384.50949778003,109571.81619351696,104655.69112321746,486387.8377036708,3091.8040916193418,1,1,0.0,True,normal
123,3,130745.77308233065,141407.4952929336,109625.40268977212,104844.3637181092,486623.0347831456,235.19707947478403,1,1,0.0,False,normal
124,3,131579.39966722112,141843.36005414883,109797.9611267116,105808.73771148105,489029.45855956257,2406.423776417021,1,1,0.0,True,normal
125,3,130289.96465645936,142276.44440306452,110243.02684169558,106824.62053791361,489634.0564391331,604.597879570459,1,1,0.0,True,normal
126,3,131191.81427602086,142894.05987434305,111055.2840064767,107933.86585585828,493075.0240126989,3440.9675735658284,1,1,0.0,True,normal
127,3,131333.358068186,142685.1053033927,111074.46301640218,107812.07508791206,492905.00147589296,-170.0225368059538,1,1,0.0,False,normal
128,3,133297.46351507795,143795.2954896025,111705.93908821093,108704.5758929812,497503.27398587257,4598.272509979666,1,1,0.0,True,normal
129,3,133525.66942115346,143884.78388147996,111812.26744936062,108764.16263071139,497986.88338270545,483.6093968328576,1,1,0.0,False,normal
130,3,132693.20877038495,143125.56524025978,111090.71514050657,107972.01765960496,494881.5068107563,68.87781669829646,1,1,15218.993444585978,False,normal
131,3,134120.1399973055,142337.61572895045,111550.14194684805,108583.87889361518,496591.77656671917,1710.2697559629391,1,1,0.0,True,normal
132,3,133981.0854845637,142201.56598495875,111429.42862462363,108650.58766933746,496262.66776348354,-329.10880323561787,1,1,0.0,False,normal
133,3,135513.9011372629,143415.82221583388,111926.4789114938,109642.7248909715,500498.92715556204,4236.259392078529,1,1,0.0,True,normal
134,3,137136.52068762324,144709.31370503915,111754.69341774029,110185.32517993296,503785.85299033567,3286.9258347735476,1,1,0.0,True,normal
135,3,137303.06705075744,144709.56410120273,111809.74747465944,110048.5419914287,503870.9206180483,85.06762771267341,1,1,0.0,False,normal
136,3,137107.3408436144,144940.4400338925,111783.45272891637,110151.33245554034,503982.56606196356,111.6454439152523,1,1,0.0,False,normal
137,3,138903.81178629075,146512.3641380148,112243.15312146206,111262.91792430979,508922.24697007745,4939.680908113822,1,1,0.0,True,normal
138,3,139128.65954520425,146749.0027015886,112212.86338592679,111299.3091666856,509389.83479940525,467.5878293278176,1,1,0.0,False,normal
139,3,139296.3006880629,146580.63111305478,112161.80650418013,111275.62418945099,509314.36249474884,-75.47230465642824,1,1,0.0,False,normal
140,3,141057.01865709928,148360.0283415182,112833.59706487608,111861.61308884271,514112.2571523363,4797.894657587464,1,1,0.0,True,normal
141,3,140890.54279197453,148530.695991355,112836.81393663774,111800.89420020852,514058.94692017575,-53.310232160502906,1,1,0.0,False,normal
142,3,143059.2945025332,149859.71610607702,113090.45519297993,112312.34318387753,518321.8089854677,4262.862065291874,1,1,0.0,True,normal
143,3,142604.45367845776,150086.2055854617,112702.88704796387,111964.59796969069,517358.144281574,3948.3290427226443,1,1,22476.63747081768,True,normal
144,3,144245.11903594632,151807.25749539674,113368.48327330103,112725.16269658532,522146.0225012294,4787.8782196554175,1,1,0.0,True,normal
145,3,144084.03926140326,151677.891135003,113323.27627026053,112559.87713887531,521645.0838055421,-500.9386956872937,1,1,0.0,False,normal
146,3,146686.1212251096,152886.465734332,113798.7888166765,113528.32583428736,526899.7016104055,5254.6178048633565,1,1,0.0,True,normal
147,3,146686.1212251096,155359.43736930052,114379.90400097764,114066.74773579059,530492.2103311783,3592.5087207728766,1,1,0.0,True,normal
148,3,148761.65438897887,156562.49549347197,115060.6961806183,115653.10839335051,536037.9544564197,5545.74412524133,1,1,0.0,True,normal
149,3,152167.7153852048,157847.92864877297,115926.14966250375,116918.58960877247,542860.3833052539,6822.428848834339,1,1,0.0,True,normal
150,3,151964.71889461554,158026.13003595514,115830.97576852413,116907.88504599663,542729.7097450914,-130.67356016253012,1,1,0.0,False,normal
151,3,153882.9684170772,159781.4406720668,116293.43148922341,117946.38994283264,547904.2305212,5174.520776108635,1,1,0.0,True,normal
152,3,156375.45974165847,161028.06654137146,116824.66933039292,119198.79736834508,553426.992981768,5522.762460567902,1,1,0.0,True,normal
153,3,159060.74450589236,162423.32978965252,117298.7680219641,120259.28985694036,559042.1321744494,5615.13919268143,1,1,0.0,True,normal
154,3,160982.62360299088,163918.47961760548,117819.94359499283,120832.99422122563,563554.0410368148,4511.908862365472,1,1,0.0,True,normal
155,3,164751.76976165726,165676.16078204848,118378.05812409148,120586.90561556313,569392.8942833603,5838.853246545526,1,1,0.0,True,normal
156,3,161440.17818984017,162712.91573470854,117391.68199854551,118890.00638735548,560434.7823104498,-237.96115787847032,1,1,43076.63802887582,False,normal
157,4,161293.96420994206,162787.56853499066,117247.7399380485,118770.94013899856,560100.2128219798,-334.5694884699271,1,1,0.0,False,drawdown
158,4,163151.8858648255,164242.86840829573,117327.4995789196,120475.60294660839,565197.8567986493,5097.643976669452,1,1,0.0,True,drawdown
159,4,165237.84285588685,164242.86840829573,117517.95080832549,121328.68598009349,568327.3480526016,3129.4912539523375,1,1,0.0,True,drawdown
160,4,166186.05288404136,165123.68554724357,117607.98193791947,122282.82849872188,571200.5488679262,2873.200815324699,1,1,0.0,True,drawdown
161,4,166195.55960989377,165278.19302063197,117630.73396641092,122455.37115938033,571559.857756317,359.30888839072145,1,1,0.0,False,drawdown
162,4,168843.7659768713,165278.19302063197,117806.11487679,122899.26840852076,574827.342282814,3267.484526497022,1,1,0.0,True,drawdown
163,4,169887.94781529158,167781.16648244046,118240.68714275646,123693.95826281805,579603.7597033065,4776.417420492509,1,1,0.0,True,drawdown
164,4,169857.30928152634,167778.6758409035,118109.54766885062,123719.31561682338,579464.8484081039,-138.91129520270374,1,1,0.0,False,drawdown
165,4,169808.20048961448,168037.44592127964,118123.46770892703,123781.53791583926,579750.6520356603,285.80362755654505,1,1,0.0,False,drawdown
166,4,171850.63428567018,169624.21021202524,118306.69885053644,124645.96252808128,584427.5058763132,4676.85384065273,1,1,0.0,True,drawdown
167,4,172078.7328131138,169601.68992882146,118127.52256239728,124632.55194028623,584440.4972446187,12.991368305632193,1,1,0.0,False,drawdown
168,4,172025.96113738752,169557.23983851002,118057.70663957893,124666.9599792217,584307.8675946982,-132.6296499206017,1,1,0.0,False,drawdown
169,4,172017.19067813104,167859.4070089031,118129.30544631339,124725.8130112026,582731.7161445501,3353.3906401536224,1,1,22296.933834100382,True,drawdown
170,4,174487.13197344294,167209.66685917779,118321.50144484805,125663.45923456656,585681.7595120353,2950.0433674852247,1,1,0.0,True,drawdown
171,4,174231.20515444453,167333.7101737271,118261.23282231524,125633.16964665728,585459.3177971442,-222.44171489118966,1,1,0.0,False,drawdown
172,4,172723.04228168173,167333.7101737271,118490.6789331675,126047.054417715,584594.4858062912,-864.8319908528258,1,1,0.0,True,drawdown
173,4,175520.84220326826,168569.18149209078,118666.9289313141,127301.58601730721,590058.5386439803,5464.052837689047,1,1,0.0,True,drawdown
174,4,175709.66548622126,168341.35099633943,118545.29028628739,127381.37216656798,589977.678935416,-80.85970856428968,1,1,0.0,False,drawdown
175,4,180106.68991843687,169561.62042695654,118746.55413717193,128546.81982013304,596961.6843026984,6984.005367282293,1,1,0.0,True,drawdown
176,4,184215.00952055427,171085.638040465,118746.55413717193,128978.58567894742,603025.7873771386,6064.103074440301,1,1,0.0,True,drawdown
177,4,186162.72622200192,172748.9305869845,118746.55413717193,129854.28676783579,607512.4977139942,4486.710336855488,1,1,0.0,True,drawdown
178,4,188243.07986594614,173248.68431331334,119190.05697868182,129602.93355412269,610284.754712064,2772.256998069876,1,1,0.0,True,drawdown
179,4,188414.9499654527,173569.0208312907,119297.66167416696,129723.90399607227,611005.5364669827,720.7817549185827,1,1,0.0,False,drawdown
180,4,188564.04629878365,173299.6575535022,119078.6372041627,129642.87995726086,610585.2210137094,-420.31545327318287,1,1,0.0,False,drawdown
181,4,190655.9023056804,174809.92421897466,119340.06066719629,131518.671871636,616324.5590634875,5739.33804977793,1,1,0.0,True,drawdown
182,4,190103.34938270808,174869.79085004842,119316.03825644459,131428.88779331182,615718.066282513,5562.575608152176,1,1,32986.35013796278,True,drawdown
183,4,190324.25846323586,174950.86928704823,119518.67330704464,131321.28867499795,616115.0897323267,397.0234498137725,1,1,0.0,False,drawdown
184,4,190676.9561842477,175140.88341690387,119387.37744188734,131529.48713510143,616734.7041781404,619.6144458136778,1,1,0.0,False,drawdown
185,4,193845.794024084,174421.0136923887,119655.72040469952,132362.771589713,620285.2997108852,3550.5955327448764,1,1,0.0,True,drawdown
186,4,195872.2904716652,175739.94333910508,119859.56523245842,132830.00880711083,624301.8078503396,4016.5081394543254,1,1,0.0,True,drawdown
187,4,196044.50596431782,175930.1370357925,119936.84764019628,132816.63571643017,624728.1263567368,426.31850639722757,1,1,0.0,False,drawdown
188,4,197202.710817178,177035.36087861977,120189.16726759436,133381.77773978113,627809.0167031733,3080.8903464364917,1,1,0.0,True,drawdown
189,4,199388.15928250802,178718.79311898313,120270.14228248724,132890.9065020188,631268.0011859972,3458.9844828239325,1,1,0.0,True,drawdown
190,4,200531.60120980846,180218.85764162478,120526.66144730287,133854.33001258713,635131.4503113233,3863.449125326041,1,1,0.0,True,drawdown
191,4,202808.88866466432,181411.49513087567,120736.21140131178,134986.84572404964,639943.4409209014,4811.990609578175,1,1,0.0,True,drawdown
192,4,205805.66140408948,182080.8940594005,120940.66621361233,135924.05986737736,644751.2815444797,4807.84062357828,1,1,0.0,True,drawdown
193,4,205600.6022610668,182284.818388908,121157.44927660802,135671.37251886266,644714.2424454454,-37.03909903421453,1,1,0.0,False,drawdown
194,4,209944.88200309876,183543.6947152634,121429.66612271297,136759.3951234674,651677.6379645425,6963.395519097099,1,1,0.0,True,drawdown
195,4,206459.77826212675,183118.58516197387,121245.08222429888,136134.7260133017,646958.1716617013,1904.6095104910623,1,1,31240.10537918833,True,drawdown
196,4,208956.01109771436,185349.76567595155,121429.88876558034,137325.5912109532,653061.2567501995,6103.08508849825,1,1,0.0,True,drawdown
197,4,208860.7760862414,185473.26148761803,121613.26641654395,137185.7449930505,653133.0489834539,71.79223325445537,1,1,0.0,False,drawdown
198,4,212279.52621086844,186802.45277986507,122048.60576643194,138313.16912806657,659443.753885232,6310.704901778106,1,1,0.0,True,drawdown
199,4,212145.09104582723,186975.46347624087,122077.20385195433,138451.9498569306,659649.708230953,205.9543457209907,1,1,0.0,False,drawdown
200,4,215423.19685868974,188170.0259408954,122301.99361854816,139727.78486357606,665623.0012817094,5973.293050756336,1,1,0.0,True,drawdown
201,4,218682.94188962952,189345.69627220437,122497.74587472115,141427.90751872325,671954.2915552782,6331.290273568914,1,1,0.0,True,drawdown
202,4,218607.13100143874,189282.2976073681,122374.41059740068,141568.39108608954,671832.2302922971,-122.06126298121441,1,1,0.0,False,drawdown
203,4,218553.6712051117,188951.46779903295,122416.00107807368,141408.45824085694,671329.5983230753,-502.63196922179463,1,1,0.0,False,drawdown
204,4,120000.0,190420.8448904034,122860.25434265524,243189.059492524,676470.1587255826,5140.560402507328,2,2,0.0,True,drawdown
205,4,120145.92849271595,190449.69072882773,123005.76124379692,243205.087556861,676806.4680222016,336.30929661896386,2,2,0.0,False,drawdown
206,4,120019.46670003905,190357.04734782016,123064.20856810232,243234.64939283984,676675.3720088014,-131.0960134002177,2,2,0.0,False,drawdown
207,4,120608.52064397196,191076.31733980434,123275.51588746367,244942.25610520528,679902.6099764452,3227.2379676438813,2,2,0.0,True,drawdown
208,4,120617.87451774463,189988.1758470923,123062.68758995112,243514.89717152703,677183.635126315,599.9201945140593,2,2,15759.015016231719,False,drawdown
209,5,121171.29707110219,192313.9483717998,123813.14612276736,245214.11891800968,682512.510483679,5328.875357363917,2,2,0.0,True,normal
210,5,122631.05915952864,193969.985040844,124087.23198476894,247095.7730638348,687784.0492489764,5271.53876529734,2,2,0.0,True,normal
211,5,122786.10895241184,193625.89279373348,123954.56052716747,247408.3603586902,687774.922632003,-9.126616973368868,2,2,0.0,False,normal
212,5,122716.87092264136,193800.30121995998,123786.46536008596,247562.08027144836,687865.7177741356,90.79514213265062,2,2,0.0,False,normal
213,5,122752.23524748346,194116.55694853273,123876.8934494189,247501.02584293432,688246.7114883694,380.9937142337742,2,2,0.0,False,normal
214,5,122673.9300712764,194128.95029383796,123950.78302550889,247534.5912378857,688288.254628509,41.54314013954124,2,2,0.0,False,normal
215,5,124364.42636930672,194911.11258505197,124389.54683193426,250007.47030179435,693672.5560880873,5384.301459578355,2,2,0.0,True,normal
216,5,124517.88934643839,195077.32261744628,124422.13184910927,250070.46412779976,694087.8079407937,415.2518527063694,2,2,0.0,False,normal
217,5,125110.01243119234,196515.637665765,124902.66960617366,251858.08563157776,698386.4053347087,4298.597393915078,2,2,0.0,True,normal
218,5,126768.82361493916,198268.46518259158,125420.36795683677,253281.4229592787,703739.0797136462,5352.674378937447,2,2,0.0,True,normal
219,5,126905.19633769518,198512.85210084447,125558.51890125738,253246.21589243188,704222.7832322288,483.7035185826848,2,2,0.0,False,normal
220,5,127013.17822599095,198808.24649412814,125554.00742379212,253036.5985925816,704412.0307364928,189.24750426391597,2,2,0.0,False,normal
221,5,126737.71426460608,200001.37224164794,125981.16604428514,253573.97448994097,706294.2270404801,7478.68295873295,2,2,29090.098549822702,True,normal
222,5,128268.49343897725,201680.52807720465,126726.21209451115,255444.33691271843,712119.5705234115,5825.343482931325,2,2,0.0,True,normal
223,5,130534.0709116719,203913.31800520394,126429.52862540004,257443.08817817894,718320.0057204547,6200.435197043304,2,2,0.0,True,normal
224,5,132541.68480614448,205561.12980647644,126928.08464046741,257273.24170024495,722304.1409533333,3984.1352328784787,2,2,0.0,True,normal
225,5,134655.32390441548,207020.81433726172,127130.61682792976,261456.13506003527,730262.8901296422,7958.749176308953,2,2,0.0,True,normal
226,5,137736.78933520694,209048.09912629356,127839.77849745977,265123.40270651644,739748.0696654767,9485.179535834495,2,2,0.0,True,normal
227,5,139888.4846289142,209048.09912629356,128317.30878510502,267628.39343937254,744882.2859796853,5134.216314208534,2,2,0.0,True,normal
228,5,141670.03630992255,209048.09912629356,128826.25256171648,270339.11728732655,749883.5052852591,5001.219305573856,2,2,0.0,True,normal
229,5,143387.15585943853,210845.89762899984,129440.72587512461,273023.50914531667,756697.2885088797,6813.7832236205,2,2,0.0,True,normal
230,5,144040.9210465465,213038.20088145224,130072.13756979334,272912.8737893799,760064.133287172,3366.844778292305,2,2,0.0,True,normal
231,5,144832.0910040721,213661.09463538826,130531.85038339162,276160.8537165675,765185.8897394195,5121.7564522475805,2,2,0.0,True,normal
232,5,146786.30538808816,217445.82218121793,131211.615497797,278919.9191903063,774363.6622574094,9177.77251798984,2,2,0.0,True,normal
233,5,146927.72146408437,217502.41932146368,131150.15556856184,278969.2803827733,774549.5767368833,185.91447947382338,2,2,0.0,False,normal
234,5,146502.02363407932,215228.0136757363,130722.602144089,276179.2304206814,768631.8698745861,7927.648956421544,2,2,62337.64283410579,True,normal
235,5,146659.90731437883,215601.84211995063,130500.39731835708,276412.81207121233,769174.9588238988,543.0889493128911,2,2,0.0,False,normal
236,5,148704.3909886722,216546.09422659263,131104.51225870356,277186.6078676863,773541.6053416547,4366.646517755824,2,2,0.0,True,normal
237,5,150666.1016637302,219055.36610907016,131660.8740040087,279858.57603986724,781240.9178166763,7699.3124750215775,2,2,0.0,True,normal
238,5,154763.42156908673,220852.69344727747,131880.55699963542,282486.09552957205,789982.7675455717,8741.849728895364,2,2,0.0,True,normal
239,5,154907.46747052355,220567.2562818505,131986.0223705771,282621.8438302979,790082.5899532491,99.8224076773343,2,2,0.0,False,normal
240,5,153781.40413205553,222899.43731149944,132706.58498391716,286467.94395238056,795855.3703798527,5772.780426603656,2,2,0.0,True,normal
241,5,155833.61608892458,227016.36671140784,133418.31811174456,290102.6724102756,806370.9733223526,10515.602942499949,2,2,0.0,True,normal
242,5,158224.5795564016,227809.6912831244,134151.00191203522,293204.36347950157,813389.6362310627,7018.662908710221,2,2,0.0,True,normal
243,5,158059.27440379356,227712.03315601675,134151.01284755894,293317.2964478076,813239.6168551769,-150.01937588601297,2,2,0.0,False,normal
244,5,159718.6309372313,229625.53456511695,134369.61653628648,296216.2834831338,819930.0655217685,6690.448666591663,2,2,0.0,True,normal
245,5,159454.79722979633,229898.63357224205,134418.6806784835,295933.02808906103,819705.1395695829,-224.9259521855541,2,2,0.0,False,normal
246,5,160265.63478109828,230782.1502377691,134899.01518399993,299592.7782731722,825539.5784760395,5834.4389064565385,2,2,0.0,True,normal
247,5,159396.15201364004,231957.673014588,134745.4272287695,297875.209816262,823974.4620732595,9732.906930219919,2,2,55342.59219867353,True,normal
248,5,159455.96440969702,231813.52087924755,134951.39119039723,297829.40461681644,824050.2810961582,75.81902289866703,2,2,0.0,False,normal
249,5,159455.96440969702,234558.94956501978,135587.74490472808,302389.46240689955,831992.1212863445,7941.840190186166,2,2,0.0,True,normal
250,5,159519.27928554776,234828.50236328327,135626.73602662652,302566.8739667353,832541.3916421928,549.2703558484346,2,2,0.0,False,normal
251,5,159588.48135676625,234778.6002612338,135486.53592156718,302519.215529767,832372.8330693342,-168.55857285864454,2,2,0.0,False,normal
252,5,159448.17237873402,234665.65145220334,135367.82073511512,302527.7828708323,832009.4274368847,-363.40563244946406,2,2,0.0,False,normal
253,5,161163.2415781988,236545.67847620902,136120.09404420183,305681.6490790505,839510.6631776601,7501.235740775344,2,2,0.0,True,normal
254,5,162081.84646569422,236545.67847620902,136712.72811833234,309031.26748123555,844371.5205414712,4860.857363811054,2,2,0.0,True,normal
255,5,161861.5851205598,236231.07177990867,136571.27940915024,309027.08507161355,843691.0213812322,-680.4991602389223,2,2,0.0,False,normal
256,5,161634.5499597775,236253.9931220034,136768.6293859277,309179.6288643001,843836.8013320087,145.7799507763915,2,2,0.0,False,normal
257,5,164205.27910638394,238062.8524396984,137341.73458488242,312034.17225041415,851644.0383813789,7807.237049370303,2,2,0.0,True,normal
258,5,166386.5008504125,240404.60248811357,138018.58720071474,315662.18317418336,860471.8737134242,8827.83533204524,2,2,0.0,True,normal
259,5,168467.63784332626,242533.91456406948,138589.73518102855,319823.65624707966,869414.9438355039,8943.070122079796,2,2,0.0,True,normal
260,5,167240.4523891263,240251.92922126886,138114.3575872172,316215.9633308756,861822.702528488,453.34302426483146,2,2,37848.24045522836,False,normal
261,6,167115.20481429866,240075.80688546633,138224.7007262557,316184.1939406831,861599.9063667038,-222.79616178415543,2,2,0.0,False,normal
262,6,167931.06196346806,242477.20814223457,138798.39453754318,318854.50885647925,868061.1734997251,6461.267133021316,2,2,0.0,True,normal
263,6,169950.94083633364,246165.30500694187,139435.48580676556,320182.2918316042,875734.0234816453,7672.849981920213,2,2,0.0,True,normal
264,6,169757.3016148582,246333.48792558885,139616.5271903141,320576.7600076512,876284.0767384124,550.0532567670825,2,2,0.0,False,normal
265,6,171623.32456670707,248438.55849474866,140242.78708319354,323901.5665831872,884206.2367278364,7922.159989424114,2,2,0.0,True,normal
266,6,171623.32456670707,250407.96865583636,140808.42708730433,328865.2039018394,891704.9242116872,7498.687483850654,2,2,0.0,True,normal
267,6,171408.59369226565,250569.8595571043,141055.9488834356,328960.7767388712,891995.1788716768,290.2546599896168,2,2,0.0,False,normal
268,6,173376.81947012906,251732.67801370853,141734.23161202378,330097.13885888166,896940.867954743,4945.689083066334,2,2,0.0,True,normal
269,6,173683.35910587502,251512.08816270847,141646.67864909233,330320.7305605458,897162.8564782216,221.98852347854915,2,2,0.0,False,normal
270,6,174864.87560752753,253492.58301267977,142204.35979272268,333558.20567499084,904120.0240879208,6957.167609699212,2,2,0.0,True,normal
271,6,176897.38894561213,255686.63921789764,142792.23751016354,336650.54532518063,912026.810998854,7906.786910933086,2,2,0.0,True,normal
272,6,176568.67243222127,256158.7355971622,142994.7041793646,336563.2425649308,912285.3547736788,258.5437748249341,2,2,0.0,False,normal
273,6,175098.2264919108,253422.5601931253,142249.82948038896,332959.66634053097,903730.2825059561,228.19818273510018,2,2,41907.579977468136,False,normal
274,6,175286.85664315868,253692.66242393307,142315.47605387386,332989.16269874875,904284.1578197144,553.8753137583392,2,2,0.0,False,normal
275,6,175339.6826593723,253945.4155566938,142238.0681124641,333390.48435926856,904913.6506877989,629.4928680844334,2,2,0.0,False,normal
276,6,178552.85956915718,257708.78370841237,143388.95948068175,336328.1532984496,915978.756056701,11065.105368902066,2,2,0.0,True,normal
277,6,180788.57240842553,259679.4525846033,143941.07563160424,339418.2866641299,923827.387288763,7848.631232062078,2,2,0.0,True,normal
278,6,183711.88358678835,261805.85942101208,145059.55034254756,342653.5077897472,933230.8011400952,9403.413851332238,2,2,0.0,True,normal
279,6,184732.221463478,266168.89194153866,145395.9973322692,346212.25720033527,942509.3679376211,9278.566797525968,2,2,0.0,True,normal
280,6,185643.97900843658,268954.43080093525,146059.9279284463,348775.26195105014,949433.5996888683,6924.231751247156,2,2,0.0,True,normal
281,6,185901.80280649092,268550.70388078876,145990.3176394001,348876.98987267265,949319.8141993524,-113.78548951578776,2,2,0.0,False,normal
282,6,185901.80280649092,270747.5794158355,146221.47787893697,352448.11183787073,955318.9719391342,5999.157739781629,2,2,0.0,True,normal
283,6,188509.28908913987,270747.5794158355,146816.9414060201,356218.59309602226,962292.4030070177,6973.431067883605,2,2,0.0,True,normal
284,6,188631.00220978208,270831.8488794588,146744.25188430512,356123.8639254112,962330.9668989573,38.563891939455075,2,2,0.0,False,normal
285,6,193368.99441797135,273150.96047510643,147505.50977094908,359490.40020000015,973515.864864027,11184.897965069813,2,2,0.0,True,normal
286,6,192916.06994269488,271612.6684973142,147058.33319733862,356559.95246050844,968147.0240978561,7923.558324170033,2,2,64416.74159190019,True,normal
287,6,193184.38924930224,271167.8704289839,146984.51545410778,356320.8866122297,967657.6617446237,-489.36235323264276,2,2,0.0,False,normal
288,6,193290.81906890575,270745.9836845334,146768.26592590375,356197.7063388061,967002.775018149,-654.8867264746655,2,2,0.0,False,normal
289,6,194340.75089648756,270745.9836845334,147532.92998643804,359918.87456849567,972538.5391359547,5535.7641178057465,2,2,0.0,True,normal
290,6,198636.86173450304,273026.8215295848,148930.68406292016,363141.64475792117,983736.0120849293,11197.472948974457,2,2,0.0,True,normal
291,6,198732.97396709624,273465.128561118,148803.89505634658,363485.8841113122,984487.881695873,751.8696109438941,2,2,0.0,False,normal
292,6,198888.6386263208,273061.99038077844,148536.48784761922,363412.5887686864,983899.7056234048,-588.176072468176,2,2,0.0,False,normal
293,6,198770.94479841136,273051.6236063538,148508.06713966228,363494.16331032536,983824.7988547528,-74.90676865209905,2,2,0.0,False,normal
294,6,199867.27258849912,275580.5759639316,149130.76239884293,368474.4167466366,993053.0276979103,9228.228843157474,2,2,0.0,True,normal
295,6,199728.60700607498,275224.8492962798,149401.8651475708,368546.00252787606,992901.3239778016,-151.70372010874468,2,2,0.0,False,normal
296,6,201044.5346517121,275224.8492962798,149615.8793700545,371570.0322740959,997455.2955921423,4553.9716143407195,2,2,0.0,True,normal
297,6,202028.88636526588,277532.29423080885,150337.85862374576,376704.3976575517,1006603.4368773722,9148.14128522993,2,2,0.0,True,normal
298,6,203320.2153788068,280870.2019809988,150610.17501223806,382983.0910926882,1017783.6834647318,11180.246587359657,2,2,0.0,True,normal
299,6,201065.27156335226,279671.9918892199,149911.83444027472,378170.58786635427,1008819.6857592012,118.06908309178576,2,2,40672.66166134486,False,normal
300,6,204130.85355306778,281884.7557843057,150732.37206936112,381993.29382095474,1018741.2752276893,9921.589468488208,2,2,0.0,True,normal
301,6,205393.2287455565,284252.1749618509,152147.92327842087,385286.2005299685,1027079.5275157968,8338.252288107407,3,3,0.0,True,normal
302,6,205019.41019661256,284073.72115732485,152137.51075874068,385127.2637880503,1026357.9059007284,-721.6216150683842,3,3,0.0,False,normal
303,6,208505.88026089218,286527.7829578332,152770.41383930825,389055.9010963114,1036859.978154345,10502.072253616661,3,3,0.0,True,normal
304,6,211460.07956017082,288937.25796914595,153443.5259189554,391701.4299013013,1045542.2933495735,8682.31519522837,3,3,0.0,True,normal
305,6,212712.76698805107,290142.60957231227,154199.38736887285,395588.011291601,1052642.7752208372,7100.481871263776,3,3,0.0,True,normal
306,6,212534.40646187612,289712.3766572539,154242.39074345658,395371.5279364579,1051860.7017990444,-782.0734217927014,3,3,0.0,False,normal
307,6,216191.287725266,292158.69374175917,154848.0191255435,397674.1841618798,1060872.1847544485,9011.482955404013,3,3,0.0,True,normal
308,6,216056.4013598379,292704.7401045568,155033.18376463113,397701.67581810465,1061496.0010471304,623.8162926819373,3,3,0.0,False,normal
309,6,216093.73284892243,292249.66497106967,154775.8359453779,397953.45703322405,1061072.6907985942,-423.3102485363621,3,3,0.0,False,normal
310,6,218561.71951311032,295207.66024788196,155669.13864876694,400557.76796831994,1069996.286378079,8923.595579485122,3,3,0.0,True,normal
311,6,120000.0,297575.391025452,156367.27625059301,504437.61540722556,1078380.2826832705,8383.996305191436,4,4,0.0,True,normal
312,6,121290.61480260012,295948.2126596354,156310.0445788571,503936.83691575075,1077485.7089568432,8364.972231835178,4,4,45232.49454798475,True,normal
313,7,121176.81841315016,296428.5479678182,156550.49992660352,504293.61384029675,1078449.4801478686,963.7711910252575,4,4,0.0,False,drawdown
314,7,121090.94555488988,295903.46404811664,156632.58894463014,504347.43810048903,1077974.4366481258,-475.04349974301147,4,4,0.0,False,drawdown
315,7,121185.06457878547,296463.27222060313,156597.92459637125,503963.0681754394,1078209.3295711991,234.89292307361728,4,4,0.0,False,drawdown
316,7,123014.07378374963,297303.09190285974,156874.3807063548,507370.32322335587,1084561.8696163201,6352.540045120773,4,4,0.0,True,drawdown
317,7,123067.77717933177,297172.4744158107,156857.21077108238,507237.58251372905,1084335.0448799538,-226.82473636606036,4,4,0.0,False,drawdown
318,7,123272.05309161448,297055.2819275357,156775.7035874828,507334.32700338634,1084437.3656100193,102.3207300653309,4,4,0.0,False,drawdown
319,7,123272.05309161448,298966.22665330407,157025.18961169818,509896.73948493745,1089160.2088415541,4722.843231534859,4,4,0.0,True,drawdown
320,7,123232.10636079036,299344.31826295075,156919.34420765983,509638.2421909793,1089134.01102238,-26.19781917393732,4,4,0.0,False,drawdown
321,7,125055.9996880463,301869.5342160709,157300.43870709816,512125.69398384047,1096351.6665950557,7217.655572675634,4,4,0.0,True,drawdown
322,7,125590.11675229162,303786.3272778915,157575.20359355258,515172.6373004465,1102124.284924182,5772.61832912648,4,4,0.0,True,drawdown
323,7,125455.77575822965,303412.0435382499,157280.4430141312,515413.96104334027,1101562.223353951,-562.0615702313107,4,4,0.0,False,drawdown
324,7,125595.39203758004,303685.0170043055,157515.82097443647,515663.03435717407,1102459.2643734962,897.0410195450506,4,4,0.0,False,drawdown
325,7,125973.2553509376,303182.0172116696,157499.8841223381,516440.16331805254,1103095.3200029978,6014.2853009277715,4,4,25609.611046154394,True,drawdown
326,7,127354.6796458258,305697.01328743465,157841.49260898828,521291.76223865856,1112184.9477809074,9089.627777909445,4,4,0.0,True,drawdown
327,7,127545.7568526572,305300.88720318914,157960.7404594894,521361.7601244106,1112169.1446397463,-15.803141160943326,4,4,0.0,False,drawdown
328,7,128977.71200957987,307850.7926876144,158217.448927583,525217.5132781805,1120263.4669029578,8094.32226321144,4,4,0.0,True,drawdown
329,7,130791.12904653815,310772.3434630522,158471.82378109108,529404.1042860448,1129439.4005767263,9175.933673768537,4,4,0.0,True,drawdown
330,7,130551.1436068806,310721.43243258185,158641.47904098302,529641.0933415969,1129555.1484220424,115.74784531611311,4,4,0.0,False,drawdown
331,7,130792.32105983046,310896.8596358764,158662.1019267612,529835.3000828461,1130186.5827053143,631.4342832716736,4,4,0.0,False,drawdown
332,7,132895.35994318343,312956.1551035307,159224.11980934205,534072.7638047241,1139148.3986607804,8961.815955466118,4,4,0.0,True,drawdown
333,7,132782.57121335316,313195.2830350395,159414.37965638711,534144.1449461178,1139536.3788508975,387.9801901173279,4,4,0.0,False,drawdown
334,7,132943.38619067337,312913.3260037007,159274.54086998044,534372.3789003667,1139503.6319647213,-32.74688617628786,4,4,0.0,False,drawdown
335,7,132856.57390428195,312502.41284693574,159380.80234839805,534282.2480557126,1139022.0371553283,-481.59480939288574,4,4,0.0,False,drawdown
336,7,134494.4611959469,313589.5139514697,159641.56770113512,535881.0214766575,1143606.5643252092,4584.527169880848,4,4,0.0,True,drawdown
337,7,134299.3296259329,313248.6533160116,159475.83710846645,535843.997141468,1142867.8171918788,-738.7471333302806,4,4,0.0,False,drawdown
338,7,133631.38153378895,313325.1389504957,159442.9034016893,535429.9844752824,1141829.4083612561,6865.252828224139,4,4,38734.08835825854,True,drawdown
339,7,135112.59436215874,318026.62704591436,159728.0787028709,538723.4580155142,1151590.7581264582,9761.349765201849,4,4,0.0,True,drawdown
340,7,135112.20685475404,317697.3753943644,159608.25246138225,539042.2719331004,1151460.106643601,-130.65148285707443,4,4,0.0,False,drawdown
341,7,134997.18642502945,317241.71900139784,159658.17834971362,538933.8196804138,1150830.9034565547,-629.2031870464707,4,4,0.0,False,drawdown
342,7,136536.68621964214,319190.9564084346,159914.13885005887,542849.6929577985,1158491.474435934,7660.570979379485,4,4,0.0,True,drawdown
343,7,137944.44689475922,322281.6770334758,160064.82157540883,548922.7337478932,1169213.6792515372,10722.204815603,4,4,0.0,True,drawdown
344,7,137778.82517338207,322389.13044765394,160288.82663764802,548925.039512791,1169381.821771475,168.1425199379317,4,4,0.0,False,drawdown
345,7,137572.90600023116,322865.09517553827,160298.35571665686,549361.1909099212,1170097.5478023475,715.726030872496,4,4,0.0,False,drawdown
346,7,138262.80724898598,324832.74432525935,160552.08240472976,552879.216522188,1176526.8505011632,6429.302698815627,4,4,0.0,True,drawdown
347,7,138374.9486951234,325063.55251780216,160684.47208678102,553004.4535565113,1177127.426856218,600.5763550548546,4,4,0.0,False,drawdown
348,7,140380.55924471802,323932.681117107,160949.79542700676,556131.1377899023,1181394.173578734,4266.746722516105,4,4,0.0,True,drawdown
349,7,140199.37572230006,324182.0496544089,160655.51812185775,556166.2359409104,1181203.1794394772,-190.99413925697206,4,4,0.0,False,drawdown
350,7,139154.3019585485,322776.2097841522,160884.95464743566,560949.8190251448,1183765.285415281,2562.105975803964,4,4,0.0,True,drawdown
351,7,138183.75366614168,323868.2975653028,160747.33564948628,560986.8073602087,1183786.1942411396,8751.50762438506,4,4,41956.78587988318,True,drawdown
352,7,137921.22769373507,324268.7172216817,160930.62946754135,561008.2931448601,1184128.8675278183,342.6732866787722,4,4,0.0,False,drawdown
353,7,137915.4599431839,324586.69446735794,160916.09937613952,560741.0864977874,1184159.3402844688,30.472756650476583,4,4,0.0,False,drawdown
354,7,139837.88734118105,327062.2302706742,161067.15953798557,565075.7741019404,1193043.0512517812,8883.71096731245,4,4,0.0,True,drawdown
355,7,141366.3073789465,330256.51689778303,161419.54420623727,568347.1703131765,1201389.5387961431,8346.487544362035,4,4,0.0,True,drawdown
356,7,141177.51773304076,330620.64285715634,161635.88370322384,568386.7773060852,1201820.821599506,431.2828033628065,4,4,0.0,False,drawdown
357,7,143008.84653003345,329114.0157580113,161938.11484387884,572996.5149551526,1207057.4920870764,5236.670487570085,4,4,0.0,True,drawdown
358,7,143063.0431159151,328813.8867451002,161807.57726360107,572879.9179676756,1206564.425092292,-493.06699478426594,4,4,0.0,False,drawdown
359,7,143080.85298951564,329134.46585349296,161691.26225296763,572885.9619227718,1206792.543018748,228.11792645605658,4,4,0.0,False,drawdown
360,7,142832.8691501259,329015.911019689,161779.167359802,572849.0880563974,1206477.0355860144,-315.5074327336606,4,4,0.0,False,drawdown
361,7,143418.04158703203,331200.80438106373,162165.26680598085,575448.4584010072,1212232.571175084,5755.535589069585,4,4,0.0,True,drawdown
362,7,145023.50595990533,336193.6656552076,162542.88271109966,580898.2849708142,1224658.3392970269,12425.768121942925,4,4,0.0,True,drawdown
363,7,147381.64716200638,338526.2696455443,162937.33732528324,586381.5389863045,1235226.7931191386,10568.45382211167,4,4,0.0,True,drawdown
364,7,147340.60263073933,339591.5110245344,162853.07773283278,584765.2733114681,1234550.4646995747,10298.651845530403,4,4,50764.27045843499,True,drawdown
365,8,149249.51724935032,342381.0065178426,164235.7151684845,587231.002264572,1243097.2412002492,8546.776500674756,4,4,0.0,True,normal
366,8,151262.290442435,345131.5302909749,165706.54856131374,590678.9815703873,1252779.3508651108,9682.109664861637,4,4,0.0,True,normal
367,8,151198.7564812382,345675.09671606234,165559.91040709655,590404.3415653978,1252838.105169795,58.7543046839985,4,4,0.0,False,normal
368,8,151339.1089298929,345853.9116865817,165542.68532566886,590251.7800816053,1252987.4860237488,149.38085395378258,4,4,0.0,False,normal
369,8,153360.58060242512,348713.9696854492,166415.641195907,594875.1421764432,1263365.3336602245,10377.847636475863,4,4,0.0,True,normal
370,8,155435.75866577428,351820.5549724449,167379.90980317272,597486.580861584,1272122.804302976,8757.470642751343,4,4,0.0,True,normal
371,8,157540.15544074634,355522.99526822136,168412.12995213576,601728.7953890928,1283204.0760501963,11081.271747220339,4,4,0.0,True,normal
372,8,159631.91564258363,359393.67728151823,169052.18147530954,606677.8233898155,1294755.597789227,11551.521739030599,4,4,0.0,True,normal
373,8,162220.74130775584,362330.895634293,170071.07121306084,611407.3765996293,1306030.084754739,11274.486965512086,4,4,0.0,True,normal
374,8,165712.64786347942,365602.7445963323,170963.76889699005,618301.7022876496,1320580.8636444514,14550.77888971246,4,4,0.0,True,normal
375,8,168497.90589564719,369908.0692021335,171718.88524845426,624203.202695392,1334328.063041627,13747.199397175515,4,4,0.0,True,normal
376,8,168278.034572372,369626.3059661762,171711.34521454247,623945.6471326032,1333561.3328856938,-766.7301559330506,4,4,0.0,False,normal
377,8,168640.54246505507,367961.12737410614,170434.87880602965,620083.4719695289,1327120.02061472,12044.212931527385,4,4,92569.55591514532,True,normal
378,8,170831.7822998131,371362.34072843206,169889.48278881927,626120.1740660307,1338203.779883095,11083.75926837523,4,4,0.0,True,normal
379,8,170987.95278995167,371692.757198197,170181.42493855942,626326.2173676866,1339188.3522943947,984.5724112996083,4,4,0.0,False,normal
380,8,171300.76121465082,371530.4891526605,170339.58273476321,626622.6690616335,1339793.502163708,605.1498693134608,4,4,0.0,False,normal
381,8,174976.59520854312,371530.4891526605,171047.68467479842,632560.6954267115,1350115.4644627133,10321.962299005407,4,4,0.0,True,normal
382,8,177666.37660689818,371530.4891526605,171836.42063412684,638434.6239637196,1359467.910357405,9352.4458946916,4,4,0.0,True,normal
383,8,180726.42749197234,374927.09261840204,172528.43205182801,643918.1599223493,1372100.1120845517,12632.201727146508,5,5,0.0,True,normal
384,8,180676.4905231369,375008.08422804717,172544.3587575891,644192.6747494508,1372421.608258224,321.4961736722797,5,5,0.0,False,normal
385,8,180478.0274623049,375409.2137104744,172290.0179673696,644423.1628291163,1372600.4219692652,178.81371104139004,5,5,0.0,False,normal
386,8,180350.11711281483,376034.928915963,172094.01396791337,644614.6550397997,1373093.715036491,493.2930672256608,5,5,0.0,False,normal
387,8,182522.9261300765,376034.928915963,172461.97380416005,646648.9338616705,1377668.76271187,4575.047675379148,5,5,0.0,True,normal
388,8,182467.79097697206,376568.74015043845,172596.95114357653,646497.0211456798,1378130.5034166668,461.740704796634,5,5,0.0,False,normal
389,8,182132.45189259126,377165.3389340112,172350.3726603485,646498.9005016952,1378147.063988646,16.56057197955332,5,5,0.0,False,normal
390,8,182132.5234616275,378201.39114659606,172522.61727707935,649831.2712168042,1382687.8031021073,14557.904828147752,5,5,47477.90528210511,True,normal
391,8,182166.05021095983,378254.56727692456,172493.83876489635,649811.4902390948,1382725.9464918757,38.143389768324695,5,5,0.0,False,normal
392,8,185522.84017613213,381229.53704078775,173526.6487028064,655870.9131618114,1396149.9390815378,13423.992589662157,5,5,0.0,True,normal
393,8,187922.08598062542,379116.2969230908,174458.66233640225,661248.1424524484,1402745.1876925668,6595.248611029248,5,5,0.0,True,normal
394,8,188773.3036742518,385153.8071667252,174764.99952131807,666970.0375722693,1415662.1479345644,12916.960241997618,5,5,0.0,True,normal
395,8,190873.20408591875,389696.6985276774,175496.7097544173,669884.7094188485,1425951.3217868619,10289.173852297477,5,5,0.0,True,normal
396,8,189009.9456374573,393286.84675146185,176907.78288403893,673721.0695730126,1432925.6448459707,6974.323059108769,5,5,0.0,True,normal
397,8,191433.0270682594,394576.884468389,177288.3235811408,679170.1209397425,1442468.3560575317,9542.711211560982,5,5,0.0,True,normal
398,8,191285.80541774307,393831.5062138186,177544.5849188738,679190.2925749904,1441852.189125426,-616.166932105856,5,5,0.0,False,normal
399,8,193337.2298307782,392029.1679169748,177544.5849188738,685740.893764253,1448651.8764308798,6799.687305453853,5,5,0.0,True,normal
400,8,193387.55412688034,392320.01893156895,177244.81955738465,686035.9188224031,1448988.311438237,336.4350073572721,5,5,0.0,False,normal
401,8,196490.27554201914,393730.08299229114,177985.1031057546,690798.6201875122,1459004.0818275772,10015.770389340098,5,5,0.0,True,normal
402,8,199830.03500123095,397353.3656214026,178378.84447338353,698304.0974439632,1473866.34253998,14862.260712403157,5,5,0.0,True,normal
403,8,201153.58262019235,396279.91523079353,177916.94987998638,693747.3109042633,1469097.7586352355,14584.900266125118,5,5,86409.95553312833,True,normal
404,8,201367.30996922863,396502.897863232,177734.59655137165,693512.670492006,1469117.4748758383,19.716240602705824,5,5,0.0,False,normal
405,8,201217.15738501557,396402.278041659,177991.27647300554,693452.0302285746,1469062.7421282548,-54.73274758344264,5,5,0.0,False,normal
406,8,201074.15444382484,396752.2864045762,177814.7946353579,693587.7005006525,1469228.9359844115,166.19385615673454,5,5,0.0,False,normal
407,8,203510.1187436932,400581.50622569124,178725.29208446358,699775.9112672544,1482592.8283211025,13363.892336690995,5,5,0.0,True,normal
408,8,203605.40606297433,400133.9119252252,178648.0432384958,700277.4843375086,1482664.8455642038,72.01724310153384,5,5,0.0,False,normal
409,8,204916.06113594383,403286.4153026251,180170.95878414175,706470.1311997971,1494843.5664225079,12178.720858303843,5,5,0.0,True,normal
410,8,204987.65666009486,402524.5797279291,180440.298169908,706237.5325345587,1494190.0670924906,-653.4993300171752,5,5,0.0,False,normal
411,8,204836.89057705962,401905.57130440435,180751.7564209768,706179.6349012638,1493673.8532037046,-516.2138887860575,5,5,0.0,False,normal
412,8,203819.6836739385,406169.1179313689,180317.9954306177,712609.8747830407,1502916.6718189658,9242.818615261138,5,5,0.0,True,normal
413,8,207462.05130549034,410753.58398236637,180590.35654743484,718943.6072308979,1517749.5990661895,14832.927247223677,5,5,0.0,True,normal
414,8,212650.4817275573,415103.3486505198,180590.35654743484,725791.0036295847,1534135.1905550966,16385.591488907063,5,5,0.0,True,normal
415,8,218412.86700343742,421455.72121737385,182179.75177260936,732606.9115589748,1554655.2515523953,20520.060997298904,5,5,0.0,True,normal
416,8,218000.98714647087,419951.8759347534,181688.21441167875,729645.3624847445,1549286.4399776475,10789.175260888424,5,5,80188.68134241195,True,normal
417,9,218032.57163518824,420318.05873985484,181957.73469357533,729277.9141366321,1549586.2792052506,299.8392276030387,5,5,0.0,False,drawdown
418,9,217948.0152981441,421056.28422885115,181669.26506902993,729439.3871065953,1550112.9517026206,526.6724973700109,5,5,0.0,False,drawdown
419,9,217965.339385181,421234.3227486839,181423.05961447308,729882.5955963517,1550505.3173446897,392.3656420691981,5,5,0.0,False,drawdown
420,9,120000.0,424783.30350749363,181788.816864748,836529.8569439632,1563101.977316205,12596.659971515084,6,6,0.0,True,drawdown
421,9,121474.24772867831,427371.0964052441,182086.3584579241,842170.3486031906,1573102.051195037,10000.073878832241,6,6,0.0,True,drawdown
422,9,122829.15225972429,431109.51425903337,182621.54525642347,849723.1723488995,1586283.3841240807,13181.332929043667,6,6,0.0,True,drawdown
423,9,124148.11158756644,437513.3791540917,183194.6888918198,855129.3958639626,1599985.5754974405,13702.191373359778,6,6,0.0,True,drawdown
424,9,124113.56667929009,437322.46357946657,183005.88371994728,855298.2898837567,1599740.2038624606,-245.371634979909,6,6,0.0,False,drawdown
425,9,124293.85441952129,438007.58019709017,182997.60382687693,855053.2805562917,1600352.31899978,612.1151373195734,6,6,0.0,False,drawdown
426,9,125768.22085909748,440729.5368320473,183413.67596858606,859959.5221519044,1609870.9558116351,9518.636811855016,6,6,0.0,True,drawdown
427,9,127131.38865691065,443808.18378942803,183787.65056092618,866003.8723248963,1620731.095332161,10860.139520526058,6,6,0.0,True,drawdown
428,9,126978.25578822305,443356.3547853545,183535.92694772562,865708.6299071101,1619579.1674284134,-1151.9279037478882,6,6,0.0,False,drawdown
429,9,126899.18281896252,441876.15535646374,183465.11699007932,864538.6283857648,1616779.0835512704,10625.898336339433,6,6,64214.68393884226,True,drawdown
430,9,126879.97745422197,442502.5633708407,183622.85822758454,864372.8107910142,1617378.2098436614,599.1262923910308,6,6,0.0,False,drawdown
431,9,127046.82946615525,442988.17713560123,183967.29563181853,864450.2872256425,1618452.5894592174,1074.379615556243,6,6,0.0,False,drawdown
432,9,128641.92597828564,445885.16663251584,184314.99670254724,868768.9963513708,1627611.0856647196,9158.496205501928,6,6,0.0,True,drawdown
433,9,128557.29023148087,446264.4992158289,184256.21996486344,868168.5532950342,1627246.5627072074,-364.5229575121075,6,6,0.0,False,drawdown
434,9,128773.79299865382,445853.44907012605,184127.88267968732,868233.5764909376,1626988.7012394047,-257.8614678024657,6,6,0.0,False,drawdown
435,9,128551.15703370968,445990.057349053,184265.47369589403,868238.0081475815,1627044.6962262383,55.99498683315645,6,6,0.0,False,drawdown
436,9,127896.14112417802,449241.90883816715,184797.3854543975,873776.1837937931,1635711.6192105357,8666.92298429767,6,6,0.0,True,drawdown
437,9,127902.88069310323,449999.66752158024,184469.1901370349,873682.8231716864,1636054.5615234047,342.94231286910684,6,6,0.0,False,drawdown
438,9,128118.0043284858,449816.31301771896,184352.16654100898,873176.9786328232,1635463.4625200368,-591.0990033678698,6,6,0.0,False,drawdown
439,9,128136.90124067293,449728.7241761082,184175.03451904934,873538.6284499206,1635579.2883857512,115.82586571401458,6,6,0.0,False,drawdown
440,9,128054.5132942851,449082.9745425294,184435.23627141785,873830.4278872298,1635403.1519954621,-176.13639028880806,6,6,0.0,False,drawdown
441,9,128258.0242187308,449585.27597380994,184380.33634252936,874026.6318571103,1636250.2683921806,847.1163967183356,6,6,0.0,False,drawdown
442,9,128218.37428947084,447776.33828784147,184346.30657723502,872568.1325038355,1632909.1516583827,288.90275735016667,6,6,16130.068107112573,False,drawdown
443,9,128218.37428947084,450985.79490691447,184452.87512852735,877882.9551643529,1641539.9994892655,8630.847830882645,6,6,0.0,True,drawdown
444,9,130312.82566567784,454493.57636465045,185111.98901396935,882290.9633197408,1652209.3543640384,10669.35487477289,6,6,0.0,True,drawdown
445,9,130376.75788646273,453974.98175560246,185330.89540265,882521.7890523659,1652204.4240970812,-4.930266957278775,6,6,0.0,False,drawdown
446,9,132079.51468383113,455121.62612759357,185935.4264165096,888899.769199474,1662036.3364274083,9831.912330327195,6,6,0.0,True,drawdown
447,9,132277.0566424907,455897.8528145268,185760.93028967595,888742.2340217561,1662678.0737684495,641.737341041277,6,6,0.0,False,drawdown
448,9,132447.23290583666,455067.05486039235,185453.28004436247,888755.6910050228,1661723.2588156145,-954.8149528352624,6,6,0.0,False,drawdown
449,9,132447.23290583666,457887.16843246564,185575.23512439776,897322.6175874198,1673232.2540501198,11508.995234505539,6,6,0.0,True,drawdown
450,9,134150.0860757837,461884.79907854734,185879.27086045864,901292.8357441677,1683206.9917589575,9974.737708837401,6,6,0.0,True,drawdown
451,9,134057.7053691349,461786.5831739792,185543.7684298823,901544.869171887,1682932.9261448835,-274.06561407381946,6,6,0.0,False,drawdown
452,9,134118.32877937227,462466.8421399194,185478.81960633828,901912.7094494733,1683976.6999751031,1043.7738302198866,6,6,0.0,False,drawdown
453,9,134070.18463479145,462985.8871100379,185334.4066501452,902130.5156617628,1684520.9940567375,544.2940816341044,6,6,0.0,False,drawdown
454,9,135382.04403989683,466473.3851430454,185334.4066501452,908681.7509706652,1695871.5868037527,11350.592747015246,6,6,0.0,True,drawdown
455,9,134725.0415328087,463909.6014944265,185447.63156324514,908902.6194338173,1692984.8940242976,10560.042594258519,6,6,60075.742365914906,True,drawdown
456,9,136750.76155639297,467180.8601643239,185610.55222216705,915209.6317098546,1704751.8056527385,11766.91162844078,6,6,0.0,True,drawdown
457,9,138252.0857212406,471513.52705512336,186308.23393525658,921122.0325613577,1717195.8792729783,12444.073620239753,6,6,0.0,True,drawdown
458,9,139799.99121460711,475441.58401966543,186634.473179088,928211.6519411721,1730087.7003545326,12891.821081554423,6,6,0.0,True,drawdown
459,9,140547.4184589074,481820.8974371608,186771.70018945227,932431.3516732288,1741571.3677587493,11483.66740421659,6,6,0.0,True,drawdown
460,9,141932.4246056055,484447.1886076317,187102.9810918102,940328.7405200689,1753811.3348251162,12239.967066367193,6,6,0.0,True,drawdown
461,9,141732.7516889571,483819.5618469845,187251.5587538999,940672.320529568,1753476.1928194095,-335.1420057068914,6,6,0.0,False,drawdown
462,9,141815.34384816224,484693.3346670698,187582.86868100608,940655.827547234,1754747.374743472,1271.1819240624907,6,6,0.0,False,drawdown
463,9,143332.7559951369,490420.43345253216,187910.7352088728,947023.0791795334,1768687.0038360753,13939.62909260339,6,6,0.0,True,drawdown
464,9,145018.49210788522,493933.9031333667,188498.9566727022,953989.4261754531,1781440.7780894074,12753.774253331834,6,6,0.0,True,drawdown
465,9,146572.80017454154,498218.52081466623,188796.607227032,960105.134187208,1793693.062403448,12252.28431404056,6,6,0.0,True,drawdown
466,9,146593.6807406096,497712.233268163,188708.98405804054,960281.1089356174,1793296.0070024305,-397.05540101723733,6,6,0.0,False,drawdown
467,9,146632.18168718898,498455.2058097081,189005.58874321188,960705.1644449475,1794798.1406850563,1502.1336826258955,6,6,0.0,False,drawdown
468,9,144420.29815225117,491772.486762855,188424.92216615536,951879.8389477297,1776497.5460289912,-687.2764172122074,6,6,83512.65200469346,False,drawdown
469,10,144432.97927086323,491957.06095989625,188222.66751350733,951509.4714700229,1776122.1792142896,-375.3668147014912,6,6,0.0,False,normal
470,10,144533.12024705915,491189.505945596,188493.17602792545,951245.1383554735,1775460.9405760542,-661.2386382355451,6,6,0.0,False,normal
471,10,146244.8278300631,498631.6723293178,189495.39312165361,959730.1314202896,1794102.024701324,18641.08412527005,6,6,0.0,True,normal
472,10,146333.29281668586,498382.96810913493,189540.5142423138,959778.1183244196,1794034.8934925543,-67.1312087700847,6,6,0.0,False,normal
473,10,148564.72658816606,502614.03154746705,190178.7368369082,970095.2784029954,1811452.7733755368,17417.87988298272,6,6,0.0,True,normal
474,10,152469.34874053893,507590.9691083542,191346.05727986695,977906.7758903796,1829313.1510191397,17860.37764360279,6,6,0.0,True,normal
475,10,153296.20943667807,507590.9691083542,192171.08962151743,988769.4769298306,1841827.7450963804,12514.594077240694,6,6,0.0,True,normal
476,10,153200.08054887087,507405.0223990996,192203.73753896842,988851.1765589376,1841660.0170458765,-167.72805050354415,6,6,0.0,False,normal
477,10,155470.75779401357,512040.11587091605,191639.81868291998,994954.7930075245,1854105.485355374,12445.468309497279,6,6,0.0,True,normal
478,10,157407.11152097624,517957.99578690826,192041.5218536852,1004842.5603847527,1872249.1895463225,18143.704190948454,6,6,0.0,True,normal
479,10,159397.23704008697,522743.7778933294,192041.5218536852,1012666.0524683294,1886848.589255431,14599.39970910853,6,6,0.0,True,normal
480,10,161484.94136636597,526740.1941927043,192351.11548776348,1020760.9713912002,1901337.2224380341,14488.633182603142,6,6,0.0,True,normal
481,10,158147.62975411885,519262.58127794164,191600.06236533046,1008583.8816407693,1877594.1550381603,-1343.8679802632716,6,6,101096.60900916951,False,normal
482,10,160614.86993168257,523823.5201316621,193158.5588558363,1018101.6649035015,1895698.6138226823,18104.458784522067,6,6,0.0,True,normal
483,10,160614.86993168257,523823.5201316621,194096.84279726332,1028954.6624417894,1907489.8953023972,11791.281479714917,6,6,0.0,True,normal
484,10,162343.34957367726,531833.4988194278,195046.54626330084,1039442.6436156975,1928666.0382721033,21176.142969706132,6,6,0.0,True,normal
485,10,162308.03965611034,531689.5555527037,195240.38188801552,1039634.9040841456,1928872.8811809751,206.8429088715285,6,6,0.0,False,normal
486,10,162319.9660407833,532548.9709919933,195173.52197475897,1039768.7922054623,1929811.2512129978,938.3700320228168,6,6,0.0,False,normal
487,10,164344.73259665337,541312.6313333454,195975.59643628393,1047007.5785635761,1948640.5389298587,18829.28771686085,6,6,0.0,True,normal
488,10,164536.85401908454,541088.6584966454,195828.22461647057,1047109.9232351205,1948563.660367321,-76.87856253798802,6,6,0.0,False,normal
489,10,164291.27047483245,541206.8333055234,195750.9332515262,1047315.2902860829,1948564.3273179648,0.6669506443013233,6,6,0.0,False,normal
490,10,164061.21564947767,541681.2868649206,195847.4116215367,1047504.986848105,1949094.90098404,530.5736660749812,6,6,0.0,False,normal
491,10,164197.292350363,542278.0273125323,196214.59189758633,1047247.7996558076,1949937.711216289,842.8102322491684,6,6,0.0,False,normal
492,10,164081.7097154738,542464.4362486214,196281.2600278657,1046697.3794095397,1949524.7854015008,-412.9258147885096,6,6,0.0,False,normal
493,10,164090.1412927356,542570.8827438402,196178.45069244932,1046354.6377843358,1949194.112513361,-330.67288813979894,6,6,0.0,False,normal
494,10,163306.00568981463,539016.8934867636,195332.74072439087,1039438.7000102112,1937094.3399111803,-170.61966912044863,6,6,59500.18487301965,False,normal
495,10,163438.37798300243,539823.2019436097,194999.00418413538,1039797.6988631636,1938058.2829739111,963.9430627310364,6,6,0.0,False,normal
496,10,164175.41184890742,543834.8925467945,195766.8981663128,1048949.6372706387,1952726.8398326535,14668.556858742177,6,6,0.0,True,normal
497,10,166233.5145081581,548650.6832134956,196627.95830015646,1058744.6451340122,1970256.8011558224,17529.961323169147,6,6,0.0,True,normal
498,10,168906.04666925993,555196.8855581832,197302.94865052262,1068740.4235252272,1990146.3044031928,19889.503247370565,6,6,0.0,True,normal
499,10,170724.70223431985,564751.588511618,198148.9936864032,1078515.6126238569,2012140.897056198,21994.592653004955,6,6,0.0,True,normal
500,10,171862.11896167538,571663.1739071268,198482.10873116055,1091013.5167642005,2033020.918364163,20880.021307965104,6,6,0.0,True,normal
501,10,174697.2198756846,571663.1739071268,199319.5811403006,1101031.042818165,2046711.0177412769,13690.09937711356,6,6,0.0,True,normal
502,10,174697.2198756846,576778.9547352409,199319.5811403006,1111262.422026198,2062058.177777424,15347.160036147332,7,7,0.0,True,normal
503,10,174859.4185964673,576688.1559396111,199453.48866627735,1111033.9194517948,2062034.9826541506,-23.19512327347161,7,7,0.0,False,normal
504,10,177350.017909012,581568.0176940624,200228.00470758646,1117969.040886204,2077115.081196865,15080.09854271419,7,7,0.0,True,normal
505,10,179923.11085355637,587010.5140468094,200513.74737432165,1128406.8588714893,2095854.2311461768,18739.149949311955,7,7,0.0,True,normal
506,10,180050.4130868018,586453.1437240241,200376.3424496886,1128699.203320022,2095579.1025805364,-275.1285656404356,7,7,0.0,False,normal
507,10,177779.06055384516,576739.9189210846,199536.23304827127,1114445.0740861772,2068500.2866093782,-609.2153634066588,7,7,119146.05889792927,False,normal
508,10,177779.06055384516,581697.8141280924,199536.23304827127,1124947.4361531455,2083960.5438833544,15460.257273976262,7,7,0.0,True,normal
509,10,178663.22931022343,586395.7278158801,200450.5247613573,1133446.835400475,2098956.317287936,14995.773404581087,7,7,0.0,True,normal
510,10,182633.23118800088,591696.8420013463,201398.5428823022,1145788.687121129,2121517.3031927785,22560.98590484265,7,7,0.0,True,normal
511,10,184779.68795114075,596323.7477047661,201755.4919788904,1154797.3029053973,2137656.2305401945,16138.927347416273,7,7,0.0,True,normal
512,10,187684.74637967983,592853.1480334508,202558.7359580724,1167141.9635455706,2150238.593916774,12582.363376579271,7,7,0.0,True,normal
513,10,192975.60853953395,599781.9630034989,204224.92322347735,1176720.8454869569,2173703.3402534667,23464.746336693483,8,8,0.0,True,normal
514,10,193119.97277705258,599808.9381637869,204071.69330111917,1177284.228265593,2174284.8325075516,581.4922540845913,8,8,0.0,False,normal
515,10,193167.8196065202,599483.1391659074,203792.3073866805,1177359.635139741,2173802.901298849,-481.93120870256894,8,8,0.0,False,normal
516,10,193424.876054529,599358.4204610664,203883.79704173235,1177213.3519020246,2173880.4454593523,77.5441605033501,8,8,0.0,False,normal
517,10,193630.37590036337,599213.3479123675,204021.26173649018,1177489.3586241484,2174354.3441733695,473.89871401705716,8,8,0.0,False,normal
518,10,195884.67478977918,596856.4659541588,205933.5474728136,1184750.4334044065,2183425.121621158,9070.777447788541,8,8,0.0,True,normal
519,10,195857.86391839344,597459.3926711604,205793.89585667194,1185320.0844272177,2184431.2368734432,1006.11525228544,8,8,0.0,False,normal
520,10,191612.81577507957,598607.0380570894,205623.69487275407,1185338.2399013946,2181181.7886063177,17906.03111883159,8,8,101320.89454162243,True,normal
