week,year,gen_acc_balance,rev_acc_balance,com_acc_balance,forked_accounts_balance,total_portfolio_value,weekly_income,active_forked_accounts,total_forked_accounts_created,quarterly_reinvestment
1,1,121795.67017767948,90563.90464785532,90648.30878400753,0.0,303007.88360954233,3007.8836095423326,0,0,0.0
2,1,123750.31605986845,91445.20831648837,91097.46038243639,0.0,306292.9847587932,3285.101149250878,0,0,0.0
3,1,125551.60219664319,92241.37317776195,91848.61406422502,0.0,309641.58943863015,3348.604679836955,0,0,0.0
4,1,128965.28186931234,94839.79967696137,92126.37077114478,0.0,315931.45231741853,6289.8628787883135,0,0,0.0
5,1,130078.88519690785,97224.93490821047,92423.1426124763,0.0,319726.96271759464,3795.5104001761456,0,0,0.0
6,1,131023.02271548906,98141.76888881494,92889.08282346535,0.0,322053.87442776933,2326.911710174718,0,0,0.0
7,1,134090.17353415882,98141.76888881494,93384.54323217344,0.0,325616.4856551472,3562.611227377858,0,0,0.0
8,1,136117.25462623805,98991.59120372678,93850.6618225106,0.0,328959.50765247544,3343.021997328222,0,0,0.0
9,1,139434.54043503143,99675.10103308638,94685.44164937222,0.0,333795.08311749005,4835.5754650146,0,0,0.0
10,1,141595.27604607245,101189.02261262955,95169.03496838083,0.0,337953.3336270828,4158.250509592796,0,0,0.0
11,1,143644.29165876794,103950.03217339364,95498.8121730466,0.0,343093.1360052082,5139.802378125339,0,0,0.0
12,1,146753.2812732479,103481.17577208516,96389.37650643785,0.0,346623.8335517709,3530.6975465627415,0,0,0.0
13,1,148385.69696878534,104470.22080147295,96389.37650643785,0.0,349245.29427669616,2621.460724925224,0,0,0.0
14,1,149539.99779664516,106222.08546857428,96317.45727416324,0.0,352079.54053938267,2834.2462626865276,0,0,0.0
15,1,151712.47323852818,108129.79478335934,97584.75286986597,0.0,357427.0208917535,5347.480352370828,0,0,0.0
16,1,155556.29455588342,110009.49465287062,98917.52230902553,0.0,364483.31151777954,7056.290626026077,0,0,0.0
17,1,161663.57640877197,111116.50772022804,99405.13571011277,0.0,372185.2198391128,7701.908321333222,0,0,0.0
18,1,168417.5905658516,114061.74289963045,100261.56111140805,0.0,382740.8945768901,10555.67473777735,0,0,0.0
19,1,172924.12746789632,115309.55730134777,100571.97381026227,0.0,388805.6585795064,6064.764002616238,0,0,0.0
20,1,180048.74303476512,116068.96249767549,101508.4508274191,0.0,397626.15635985974,8820.497780353377,0,0,0.0
21,1,182081.3690761954,117275.14751101182,102385.87669353429,0.0,401742.3932807415,4116.236920881786,0,0,0.0
22,1,186299.76183827332,118987.91660258471,102842.54686968627,0.0,408130.2253105443,6387.832029802783,0,0,0.0
23,1,189189.06861420616,120330.8985629412,103121.37551240894,0.0,412641.3426895563,4511.117379012008,0,0,0.0
24,1,191661.89445821723,120953.19951965834,104065.3563835094,0.0,416680.45036138495,4039.107671828654,0,0,0.0
25,1,193808.9951687631,121676.96825519792,105385.71546449093,0.0,420871.67888845195,4191.22852706698,0,0,0.0
26,1,196578.24428216144,124583.90890071866,105385.71546449093,0.0,426547.868647371,5676.189758919083,0,0,0.0
27,1,202094.36005610332,127875.38233539659,105669.62776615072,0.0,435639.3701576507,9091.501510279611,0,0,0.0
28,1,205485.89452142353,128762.58827065994,106193.1558362142,0.0,440441.63862829766,4802.268470647023,0,0,0.0
29,1,205222.92145572702,130972.61784718587,106759.87023945285,0.0,442955.40954236576,2513.7709140680854,0,0,0.0
30,1,207865.328864662,131813.9975391401,107282.91675008867,0.0,446962.2431538908,4006.8336115250418,0,0,0.0
31,1,209463.3321782126,131813.9975391401,107592.69705464826,0.0,448870.02677200094,1907.7836181101918,0,0,0.0
32,1,218072.945169339,133243.9054044631,107592.69705464826,0.0,458909.5476284503,10039.520856449375,0,0,0.0
33,1,120000.0,134104.96061052347,109123.86146258157,101192.72632678482,464421.54839988984,5512.000771439522,1,1,0.0
34,1,121959.18455300336,137548.1356869786,109735.4922697692,102006.05928320289,471248.87179295404,6827.323393064192,1,1,0.0
35,1,124890.70939708117,138343.3019119629,110561.56624862987,104619.5194304249,478415.09698809887,7166.225195144778,1,1,0.0
36,1,126706.6346846636,140333.32735600104,110970.59722912252,106344.03468027349,484354.59395006066,5939.496961961808,1,1,0.0
37,1,128547.20803810077,141820.13840266524,112325.82208718828,106960.20096524282,489653.36949319707,5298.775543136484,1,1,0.0
38,1,129673.0832368893,144452.08448591386,112933.09119991455,107969.84168884579,495028.10061156354,5374.7311183664,1,1,0.0
39,1,133303.53009588568,145798.63075890444,113911.89380087102,109654.91139654374,502668.9660522049,7640.865440641415,1,1,0.0
40,1,135507.47763302433,147225.2868883427,113911.89380087102,111211.24281547891,507855.90113771695,5186.935085512085,1,1,0.0
41,1,137729.56277118847,149894.45837522775,114933.27440254789,112915.84931733951,515473.14486630354,7617.243728586643,1,1,0.0
42,1,139971.08889118495,153623.03906903433,115980.71736322723,114455.63645152347,524030.48177496996,8557.336908666364,1,1,0.0
43,1,139293.93749313592,153109.81061810566,115980.71736322723,116088.58355708921,524473.049031558,442.5672565880359,1,1,0.0
44,1,142620.48339020944,155501.0478774821,116620.44737382891,118030.66111226389,532772.6397537843,8299.590722226283,1,1,0.0
45,1,144942.75296968024,158403.27530093706,117018.11077390643,121133.0832886602,541497.2223331839,8724.582579399612,1,1,0.0
46,1,148054.19280973182,160908.69772346446,118028.84619253807,122115.65006547829,549107.3867912126,7610.164458028704,1,1,0.0
47,1,150580.43065009182,163733.73089902883,119615.64518183067,123459.32957509551,557389.1363060469,8281.74951483421,1,1,0.0
48,1,153058.3247350533,163733.73089902883,120258.73352227458,125625.38734342369,562676.1764997804,5287.040193733557,1,1,0.0
49,1,156362.10527653855,164910.47636160767,121342.17030069185,126902.95939922059,569517.7113380586,6841.534838278286,1,1,0.0
50,1,157599.68591029872,166783.96066698097,122390.85801822966,130036.30062884533,576810.8052243546,7293.093886295997,1,1,0.0
51,1,159893.49373360781,169454.44048198065,124060.46438887947,131214.67106177108,584623.0696662391,7812.264441884349,1,1,0.0
52,1,162409.61500748777,170585.64575687685,125569.43726470893,134613.52469518792,593178.2227242615,8555.15305802246,1,1,0.0
53,2,164214.0958646077,170585.64575687685,126214.18786490252,135904.39487581945,596918.3243622065,3740.1016379450157,1,1,0.0
54,2,168588.5042808846,173493.79941351956,127782.99052069931,136711.5732717099,606576.8674868133,9658.543124606858,1,1,0.0
55,2,171067.98700130914,175145.35506728638,128913.19036831782,138165.00894781746,613291.5413847308,6714.67389791743,1,1,0.0
56,2,173432.8840484161,174998.89219734928,129254.65140133801,142047.02983178681,619733.4574788902,6441.916094159413,1,1,0.0
57,2,178359.78881636797,176808.5112061836,130389.95842601007,143963.95574979958,629522.2141983613,9788.756719471005,1,1,0.0
58,2,185847.67176180502,179863.86752122172,130959.57080890321,147813.68391747668,644484.7940094066,14962.579811045405,1,1,0.0
59,2,187528.0118510257,181514.53783091446,131959.4881901742,150461.70672904068,651463.744601155,6978.950591748378,1,1,0.0
60,2,186815.32651842147,183351.31212691645,132900.8567044962,151758.18430653063,654825.6796563647,3361.9350552097394,1,1,0.0
61,2,189764.93056877836,185302.52437880772,133359.65842618773,153623.05940682016,662050.1727805939,7224.493124229197,1,1,0.0
62,2,194975.19123637062,190483.07558823953,134463.82708497506,153579.00289710093,673501.0968066861,11450.924026092162,1,1,0.0
63,2,198192.64264779424,193292.79541743832,135522.7009695467,156502.58757885837,683510.7266136376,10009.629806951514,1,1,0.0
64,2,201412.25739302393,195365.61097266435,136655.0209481825,160640.916476708,694073.8057905788,10563.079176941126,1,1,0.0
65,2,204433.87208054104,198189.27088238698,137326.98404988914,164741.63732023866,704691.7643330558,10617.95854247703,1,1,0.0
66,2,210177.5295011742,200388.02029120538,139010.7579942349,166530.6748389104,716106.982625525,11415.218292469066,1,1,0.0
67,2,213258.04535963965,203568.78169039052,140224.2266243851,168525.7839693095,725576.8376437247,9469.85501819988,1,1,0.0
68,2,216505.41494145096,203148.4184885416,142164.5047301248,170780.46752413874,732598.8056842561,7021.968040531286,1,1,0.0
69,2,219894.5126967489,208134.14641390118,142781.16040661672,172130.29437326,742940.1138905268,10341.308206270696,1,1,0.0
70,2,120000.0,210330.90044082902,143204.89040367768,279205.79493816127,752741.585782668,9801.471892141206,2,2,0.0
71,2,124336.51573928811,212593.8989818893,144394.8395189752,281383.3752899496,762708.6295301022,9967.043747434178,2,2,0.0
72,2,126136.64026490712,214898.7895605096,145098.41409836474,284395.83690479305,770529.6808285746,7821.051298472318,2,2,0.0
73,2,128125.54373279373,215966.72804162922,145558.44742652928,288345.47673743597,777996.1959383881,7466.515109813697,2,2,0.0
74,2,131751.31834523045,219777.74912557338,146837.49427940595,292348.560749868,790715.1225000778,12718.926561689543,2,2,0.0
75,2,133686.24324150474,221952.57255020487,146638.1014891831,298401.682447083,800678.5997279757,9963.477227897953,2,2,0.0
76,2,134708.7033993109,224202.26363831433,148486.38326889058,304378.9521404735,811776.3024469893,11097.702719013721,2,2,0.0
77,2,138396.2697199734,225461.03708130965,149280.14638306818,309864.5709171721,823002.0241015233,11225.721654533962,2,2,0.0
78,2,140375.2923964703,227646.25941831197,150019.8603988764,313124.12189844757,831165.5341121063,8163.510010582863,2,2,0.0
79,2,142412.6751298621,230160.32543274102,150813.57789004507,318565.6832013903,841952.2616540384,10786.727541932229,2,2,0.0
80,2,148065.8165291325,232482.13414187977,152132.583577856,324058.7481512879,856739.2824001561,14787.020746117683,2,2,0.0
81,2,151939.31665152416,238637.17022766115,153944.57496568497,328385.1550773685,872906.2169222387,16166.934522082527,2,2,0.0
82,2,154215.17970379285,244846.05910400834,156088.26250836672,331687.2770203166,886836.7783364845,13930.56141424573,2,2,0.0
83,2,160502.96118408995,251564.29794284588,158045.19320575226,335507.87519198726,905620.3275246754,18783.549188190846,2,2,0.0
84,2,162930.06078956497,254113.43995481083,159444.54162722427,337382.5791345747,913870.6215061748,8250.293981499486,2,2,0.0
85,2,164359.14681167796,260928.74365788823,159444.54162722427,341456.6799716899,926189.1120684803,12318.490562305575,2,2,0.0
86,2,166765.8576158119,262904.35241267993,159444.54162722427,346268.1844224637,935382.9360781799,9193.824009699441,2,2,0.0
87,2,166073.01950319455,267459.1169973556,160195.80369830222,353628.3588754047,947356.299074257,11973.362996077227,3,3,0.0
88,2,167921.22369823692,270091.1521370458,161515.412093445,359473.7956493031,959001.5835780308,11645.284503773757,3,3,0.0
89,2,171597.19318606937,271464.3625317015,162369.0446005818,363262.0606493478,968692.6609677004,9691.077389669657,3,3,0.0
90,2,173169.29198406453,273488.77248511004,163200.13492818622,368767.43562769424,978625.635025055,9932.974057354564,3,3,0.0
91,2,173169.29198406453,274820.09920421476,164401.8832541163,374258.76114878414,986650.0355911797,8024.400566124723,3,3,0.0
92,2,176003.5609566159,281886.36411887,165702.7045897656,379055.3266009062,1002647.9562661577,15997.92067497794,3,3,0.0
93,2,176003.5609566159,286024.6930017039,167985.71697457434,383947.5157346847,1013961.4866675788,11313.530401421212,3,3,0.0
94,2,180843.50914796174,289009.2055577949,167985.71697457434,388217.615082243,1026056.046762574,12094.560094995155,3,3,0.0
95,2,184837.28738954026,293217.03341489885,168475.13887358358,393824.9485122982,1040354.4081903208,14298.361427746888,3,3,0.0
96,2,186157.86257718754,296104.80511773337,169943.44635334308,401096.60657135525,1053302.7206196194,12948.31242929837,3,3,0.0
97,2,193027.52598785018,298931.19586924446,171491.33425727146,406759.6564359824,1070209.7125503486,16906.99193072923,3,3,0.0
98,2,198064.83460437428,301640.3459846851,172801.86049261736,411945.5005060477,1084452.5415877244,14242.829037375985,3,3,0.0
99,2,205406.98897471715,304679.3369569127,174096.6470014035,418097.06903816026,1102280.0419711936,17827.500383469218,3,3,0.0
100,2,212946.98970206303,310160.55218946765,175076.1187941585,424378.47538297815,1122562.1360686673,20282.09409747367,3,3,0.0
101,2,120000.0,313410.3345481877,176059.6214971854,529302.8903402565,1138772.8463856296,16210.710316962093,4,4,0.0
102,2,122009.42841019985,316801.1903885732,177368.27967515038,535658.5737960876,1151837.472270011,13064.625884381638,4,4,0.0
103,2,125132.7950038022,319710.81332111824,177368.27967515038,542260.484607154,1164472.3726072249,12634.900337213763,4,4,0.0
104,2,126501.04716628647,325158.81152244867,178363.97453365027,548233.1916749767,1178257.024897362,13784.652290137357,4,4,0.0
105,3,127490.87670630714,326716.9391458284,179074.85439611156,552027.0056948628,1185309.67594311,7052.651045747754,4,4,0.0
106,3,128569.14894453724,329618.3989715519,179583.50754481967,556106.039534027,1193877.094994936,8567.419051826042,4,4,0.0
107,3,131164.19658275202,332551.42207981634,180703.62081704175,560553.3223375544,1204972.5618171645,11095.46682222861,4,4,0.0
108,3,133917.6341851572,335410.9065080838,180959.67263513265,565183.3327294308,1215471.5460578045,10498.984240639835,4,4,0.0
109,3,134999.43616791858,335410.9065080838,182206.6381449836,567519.8993777545,1220136.8801987404,4665.334140936124,4,4,0.0
110,3,134689.1908970118,336940.0292056977,182206.6381449836,570951.4048213854,1224787.2630690783,4650.38287033806,4,4,0.0
111,3,135731.1234038593,339937.38279850315,182529.44928268084,574291.8678897105,1232489.8233747538,7702.560305675274,4,4,0.0
112,3,137471.16939814793,341562.6586202355,182993.33408240715,576886.20703023,1238913.3691310207,6423.545756266669,4,4,0.0
113,3,138407.75236399518,344020.98571125953,183504.317440168,579124.1741505528,1245057.2296659756,6143.860534955074,4,4,0.0
114,3,138407.75236399518,346817.60838766326,183949.74832035208,581845.1507475169,1251020.2598195274,5963.030153551763,4,4,0.0
115,3,141326.9193220365,348764.0071236945,184683.66330285688,587248.2012357082,1262022.7909842962,11002.531164768698,4,4,0.0
116,3,142345.49843044078,351474.02182956156,184947.03912131325,591900.2877026519,1270666.8470839676,8644.056099671416,4,4,0.0
117,3,145268.30540168178,354002.8888023472,185440.39100800102,595671.645452665,1280383.2306646951,9716.38358072748,4,4,0.0
118,3,146456.58748321352,358597.6768765577,186589.34525243848,600102.8664778499,1291746.4760900596,11363.245425364632,4,4,0.0
119,3,148081.8529361202,360416.8483414392,187012.51192684605,601733.3440277649,1297244.5572321704,5498.081142110783,4,4,0.0
120,3,149229.81515521024,362993.8947357726,187238.86905030892,603949.6480259957,1303412.2269672875,6167.669735117099,4,4,0.0
121,3,150377.38806606282,365004.6295587512,187743.34868049718,607031.1814504251,1310156.5477557364,6744.320788448704,4,4,0.0
122,3,151140.06044614819,367668.8175272692,188187.4157375802,609497.6112613992,1316493.9049723968,6337.357216660649,4,4,0.0
123,3,152947.17385186828,369509.31110153336,188700.69083337716,615860.8872807734,1327018.0630675522,10524.15809515534,4,4,0.0
124,3,154744.6840683996,370390.53076684364,189041.67689175814,620878.5429821541,1335055.4347091555,8037.371641603305,4,4,0.0
125,3,156598.88298033414,372301.5820213426,189887.87245995877,624979.5686112599,1343767.9060728955,8712.471363739976,4,4,0.0
126,3,159760.76036739798,375413.0474185765,189887.87245995877,629742.3527625715,1354804.0330085047,11036.126935609278,4,4,0.0
127,3,161687.08738878736,378626.0085193985,190598.17100950138,632163.2048954279,1363074.4718131153,8270.43880461048,4,4,0.0
128,3,162285.42841600158,380483.7268608352,190930.7587519176,638072.5461953899,1371772.4602241444,8697.98841102911,4,4,0.0
129,3,163442.12509871798,383676.0484802627,192088.9509765599,642913.7007012416,1382120.8252567821,10348.365032637925,4,4,0.0
130,3,164653.44351382222,385626.24788550945,193440.325760494,647409.4221902626,1391129.4393500881,9008.614093306083,4,4,0.0
131,3,166052.7436573396,390523.8664262262,194213.91749440608,653717.2533891761,1404507.780967148,13378.341617059743,4,4,0.0
132,3,167300.3183055995,392600.93269798293,194562.91472627735,658139.86478538,1412604.0305152398,8096.24954809174,4,4,0.0
133,3,167910.9693697555,393756.9229553177,195051.06283738435,663450.5270261398,1420169.4821885973,7565.451673357525,4,4,0.0
134,3,167628.11780895013,396855.3050841762,195530.1503010994,669574.4279538275,1429588.0011480532,9418.51895945602,4,4,0.0
135,3,168406.34000190705,398829.1833038566,196367.51558399448,676972.4037521236,1440575.4426418818,10987.441493828373,4,4,0.0
136,3,169797.99460193125,400761.60593753523,196893.69789899167,681440.0647084367,1448893.3631468948,8317.920505013077,4,4,0.0
137,3,173397.75705232084,403008.77698673797,197251.06886140807,684069.7503426822,1457727.3532431491,8833.990096254396,4,4,0.0
138,3,176692.78527501298,404796.8521512305,198066.52012188945,688375.8308719266,1467931.9884200594,10204.6351769104,4,4,0.0
139,3,179039.297622559,410504.0157716298,199000.49250739728,693112.7229551505,1481656.5288567366,13724.540436677067,4,4,0.0
140,3,178531.91046271625,412699.5515468697,199925.19441339505,698399.8386320366,1489556.4950550175,7899.966198280951,4,4,0.0
141,3,178413.6264303888,418382.2662324386,200840.29819905598,701450.6390461524,1499086.8299080357,9530.334853018281,4,4,0.0
142,3,179865.45550614086,420754.5680246967,201348.81889844735,707416.1697783968,1509385.0122076818,10298.182299645967,4,4,0.0
143,3,180555.5041766511,424411.7113126503,201888.62664149492,712654.6971871435,1519510.53931794,10125.527110258086,4,4,0.0
144,3,181936.49783213943,428015.7358071364,203153.75506853877,718265.3515711359,1531371.3402789505,11860.800961010566,4,4,0.0
145,3,183448.4181551783,428015.7358071364,203153.75506853877,724697.6439934073,1539315.5530242608,7944.212745310363,4,4,0.0
146,3,184277.51317676637,431838.336482432,203731.56596414626,729528.2370777495,1549375.652701094,10060.099676833328,4,4,0.0
147,3,188129.6427028937,431838.336482432,204670.55521794487,736342.5185539982,1560981.052957269,11605.400256174631,4,4,0.0
148,3,189495.28528633818,435222.9158055346,205590.33156365022,740308.0659772935,1570616.5986328165,9635.545675547724,4,4,0.0
149,3,190864.2776874898,437385.6692609496,205950.23248621722,745537.6583290324,1579737.837763689,9121.239130872495,4,4,0.0
150,3,192285.3891655312,440966.4215628828,206809.40594162117,749400.0548597454,1589461.2715297807,9723.433766091592,4,4,0.0
151,3,193584.56104072576,442480.9731144217,207607.66320593463,755842.9778751249,1599516.175236207,10054.9037064265,4,4,0.0
152,3,197385.1769320572,444746.577368591,208165.50839129023,762416.6124714795,1612713.8751634178,13197.699927210797,4,4,0.0
153,3,200147.19818883325,448139.6092971776,209107.90608439487,766248.125468977,1623642.8390393828,10928.963875964691,5,5,0.0
154,3,200147.19818883325,450475.2345921497,209614.6344827893,771443.2630315928,1631680.330295365,8037.491255982461,5,5,0.0
155,3,201650.20751107982,456453.3247836293,210450.6863832872,776652.8751789713,1645207.0938569675,13526.763561602485,5,5,0.0
156,3,203862.61857012843,457848.6645811502,211315.49652775383,780623.3015915356,1653650.081270568,8442.987413600433,5,5,0.0
157,4,205503.89223681096,462535.5434223048,213315.71939068654,791206.4110215014,1672561.5660713036,18911.484800735616,5,5,0.0
158,4,211211.98503119074,467090.4940433638,214948.45811235128,803925.537439133,1697176.4746260387,24614.908554735164,5,5,0.0
159,4,215917.14054411167,480312.93298603897,214948.45811235128,820957.7190825692,1732136.250725071,34959.776099032344,5,5,0.0
160,4,120000.0,492017.5678044462,217935.08339152986,935485.4861883612,1765438.1373843374,33301.88665926608,6,6,0.0
161,4,122814.77439740693,505214.2944622683,219641.10157410856,948377.7576713623,1796047.9281051462,30609.790720808793,7,7,0.0
162,4,125889.37531997744,513335.3363531054,220756.33658001304,961541.1222128902,1821522.170465986,25474.24236083994,7,7,0.0
163,4,128736.81117150355,521076.35667131405,221922.35259216488,974791.2798867954,1846526.8003217778,25004.62985579172,7,7,0.0
164,4,128059.3763981311,526596.144348474,223123.2444165135,988410.7926983703,1866189.5578614888,19662.757539711023,7,7,0.0
165,4,131332.7150155853,539249.2813934278,224883.51551972868,998257.3638326299,1893722.8757613716,27533.3178998827,7,7,0.0
166,4,131332.7150155853,553491.8761594156,224569.49382145927,1005658.7437237847,1915052.8287202448,21329.952958873087,7,7,0.0
167,4,132619.9624079727,559279.4356485748,225780.85041607605,1021796.0827178196,1939476.3311904431,24423.50247019864,7,7,0.0
168,4,134663.72472579096,565627.814578876,226854.97465419973,1033439.0675637792,1960585.581522646,21109.25033220258,7,7,0.0
169,4,137798.12268511756,573856.8131375372,229739.73556992272,1047564.5851167022,1988959.2565092798,28373.674986633872,7,7,0.0
170,4,139952.5654387355,583195.2703300624,230597.98725909038,1061905.2435658802,2015651.0665937685,26691.81008448867,7,7,0.0
171,4,142328.4465036432,589789.0168604923,231229.92257373562,1077118.6884413098,2040466.074379181,24815.007785412705,7,7,0.0
172,4,143478.7460299066,598419.3762328741,234049.39396308488,1094077.631867409,2070025.1480932746,29559.07371409376,8,8,0.0
173,4,145001.85334729275,604365.1878118914,234882.32385434303,1109919.2599769707,2094168.624990498,24143.476897223372,8,8,0.0
174,4,148545.81136083836,619951.3798408628,236133.61461641954,1127300.996545515,2131931.802363636,37763.177373137645,8,8,0.0
175,4,152312.09509551214,619951.3798408628,239301.68735472992,1145169.2102892417,2156734.3725803467,24802.570216710992,8,8,0.0
176,4,152279.46294526232,625880.1269484771,242590.01108491246,1157138.7606856537,2177888.3616643054,21153.98908395879,8,8,0.0
177,4,156438.59737309278,632690.160782992,243260.9570855604,1169461.4696750315,2201851.184916677,23962.823252371112,8,8,0.0
178,4,162049.73645980004,638777.5008800676,244477.59950481565,1181532.7528858455,2226837.5897305286,24986.404813852045,8,8,0.0
179,4,167890.0706787596,649457.0132429606,245752.03281814398,1192746.2305228165,2255845.3472626805,29007.75753215183,8,8,0.0
180,4,170309.52242873487,665531.9260621287,248948.84417426147,1209092.2158116307,2293882.5084767556,38037.16121407498,8,8,0.0
181,4,171544.23071710172,672490.1207652403,251095.7643643073,1224336.290307078,2319466.4061537273,25583.89767697202,8,8,0.0
182,4,173111.98851754065,679514.0947042699,251095.7643643073,1237287.3183075981,2341009.165893716,21542.7597399883,8,8,0.0
183,4,175527.5287744693,686129.2318855695,252352.4626221547,1254874.5214212786,2368883.744703472,27874.578809756422,8,8,0.0
184,4,177197.11313627136,697018.8280025466,252352.4626221547,1268565.1623960866,2395133.5661570593,26249.821453587065,8,8,0.0
185,4,181767.81288606738,714319.517820523,254703.17291488327,1285421.250130541,2436211.7537520146,41078.18759495554,8,8,0.0
186,4,185860.1816288011,714319.517820523,256823.10715455352,1301232.000564936,2458234.8071688134,22023.05341679867,8,8,0.0
187,4,188629.31440931343,719287.5114471768,258060.5386831468,1317556.8421511184,2483534.2066907557,25299.39952194184,9,9,0.0
188,4,193300.55130160565,730814.216031418,259357.15098532868,1337268.1432542058,2520740.0615725582,37205.85488180262,9,9,0.0
189,4,196321.53882937026,738334.333542347,259357.15098532868,1351387.9609488198,2545400.9843058656,24660.922733307798,9,9,0.0
190,4,199199.81665077034,757135.3853124222,261519.9829084039,1370017.9359591138,2587873.12083071,42472.13652484452,9,9,0.0
191,4,202350.00445478447,765361.0406931444,263701.2756552684,1389266.5846674824,2620678.9054706795,32805.78463996952,9,9,0.0
192,4,205022.6173961103,765361.0406931444,264876.4986527053,1407997.1710035505,2643257.3277455103,22578.422274830908,9,9,0.0
193,4,213038.12300303436,772565.0321318895,266250.3060496026,1425921.2054925666,2677774.666677093,34517.33893158244,9,9,0.0
194,4,216435.5395610508,780943.9397978906,267704.73829224886,1445985.9368824132,2711070.154533603,33295.48785651045,9,9,0.0
195,4,120000.0,795240.3361425907,269017.06149588275,1567395.4316248745,2751652.829263348,40582.67472974442,10,10,0.0
196,4,119842.00857103095,801124.193710955,270300.33996482065,1589016.3507953451,2780282.893042152,28630.063778803644,10,10,0.0
197,4,121692.4044375176,814226.4767235452,271695.5375129673,1612841.5516802343,2820455.9703542646,40173.077312112815,10,10,0.0
198,4,123390.40755685457,822263.9017618394,271419.17520045204,1631677.5134914175,2848750.9980105637,28295.027656299084,10,10,0.0
199,4,125059.79190452788,828410.0832873851,272293.49673248956,1652970.0754541622,2878733.4473785646,29982.44936800119,10,10,0.0
200,4,125978.17447264331,840451.6258451032,273217.9413138076,1678362.226785935,2918009.968417489,39276.52103892455,10,10,0.0
201,4,125978.17447264331,846472.4979362163,275418.665320516,1706904.397072074,2954773.73480145,36763.76638396032,10,10,0.0
202,4,129496.04707261601,856052.8686729334,276847.3582749514,1734810.0976863555,2997206.3717068564,42432.63690540673,10,10,0.0
203,4,131394.9137825857,864712.5354886556,279029.006388609,1753308.1824151075,3028444.6380749578,31238.266368101056,10,10,0.0
204,4,132434.8509291905,873454.6839059416,278830.0834647811,1777764.606234611,3062484.224534524,34039.586459567065,10,10,0.0
205,4,134462.78232059898,897206.1521411915,280182.80373675213,1797177.5842897152,3109029.3224882577,46545.097953733086,10,10,0.0
206,4,135623.219170097,912026.3790981434,281597.5218208694,1818042.406723525,3147289.526812635,38260.204324377395,11,11,0.0
207,4,136945.19224309825,921135.9184785744,283085.3589367154,1844846.8329622406,3186013.302620629,38723.775807993545,11,11,0.0
208,4,139994.80120635376,935527.2844960907,283902.98803650186,1869166.8850192495,3228591.958758196,42578.656137567305,11,11,0.0
209,5,141328.9788708323,959843.532879847,284754.1659379157,1888956.7648568114,3274883.4425454065,46291.48378721079,11,11,0.0
210,5,141328.9788708323,970180.7671193301,285787.02809529746,1912207.265742903,3309504.039828363,34620.59728295665,11,11,0.0
211,5,143522.75764230528,977240.2020208486,287159.7080417656,1931334.439536392,3339257.107241311,29753.06741294842,11,11,0.0
212,5,144759.2406318962,984642.4750257574,288009.5981314139,1949322.925554805,3366734.2393438728,27477.132102560947,11,11,0.0
213,5,145991.15766981,1000651.7801549964,291850.97617914196,1979829.6227752585,3418323.536779207,51589.29743533426,11,11,0.0
214,5,150068.42470664837,1018654.6371966033,291850.97617914196,2001307.6527578577,3461881.6908402517,43558.15406104483,12,12,0.0
215,5,152385.15966653265,1027578.9562403098,293399.3702452545,2030611.36706089,3503974.853212987,42093.16237273528,12,12,0.0
216,5,154856.0137554008,1037589.0621881406,297390.34844580974,2056349.0493760738,3546184.473765425,42209.6205524383,12,12,0.0
217,5,157264.105521549,1048830.5417574383,299062.81723971403,2085662.2934110498,3590819.757929751,44635.284164325945,13,13,0.0
218,5,161655.16193210497,1060356.9027966517,300004.38356766506,2104279.7333960785,3626296.1816925,35476.423762749444,13,13,0.0
219,5,165881.24497352322,1076518.1899782761,304087.94559939497,2128454.9978417144,3674942.3783929087,48646.19670040831,13,13,0.0
220,5,165542.44511022355,1094616.5326833287,305554.7905561156,2153934.240668975,3719648.009018643,44705.6306257337,13,13,0.0
221,5,168234.90375689356,1102183.118609636,305554.7905561156,2174357.8492729026,3750330.6621955475,30682.6531769053,13,13,0.0
222,5,170808.73977616144,1114238.8316096554,306482.8996349612,2202230.558802774,3793761.0298235524,43430.36762800447,13,13,0.0
223,5,174811.5362404592,1130880.9771765526,308943.04075860285,2230457.1329937596,3845092.687169374,51331.65734582183,15,15,0.0
224,5,178952.0873342094,1142428.6555650614,310663.0645202741,2255986.604716561,3888030.412136106,42937.72496673174,15,15,0.0
225,5,181931.76910940977,1161196.703607352,310594.6094289701,2280550.4023423945,3934273.4844881264,46243.0723520202,15,15,0.0
226,5,186801.61849026295,1172385.7819785867,314969.8354517779,2309856.795519113,3984014.0314397407,49740.54695161439,15,15,0.0
227,5,188585.30026877948,1203327.9043046506,319173.6002691752,2346244.8909756835,4057331.6958182887,73317.66437854811,15,15,0.0
228,5,187523.12191006966,1214815.1023434422,323050.62102753617,2372870.6474612285,4098259.4927422768,40927.79692398825,15,15,0.0
229,5,190239.45445024184,1214815.1023434422,324588.94847483403,2401706.659025402,4131350.1642939197,33090.671551642976,15,15,0.0
230,5,194760.29890209524,1225509.460650233,328815.6437114488,2428041.3706865767,4177126.773950354,45776.609656434106,16,16,0.0
231,5,199680.42908253352,1238724.570168541,330572.7020674589,2453214.4777665418,4222192.179085076,45065.40513472106,16,16,0.0
232,5,201382.93956092108,1247676.888276294,332143.02039760456,2483825.5203314787,4265028.368566299,42836.18948122369,16,16,0.0
233,5,204377.98321552805,1260966.7053408893,334757.76700615964,2512340.993841471,4312443.449404048,47415.0808377489,16,16,0.0
234,5,203613.37401562254,1292460.525727448,334515.0406975884,2546166.0793358483,4376755.019776507,64311.570372459624,17,17,0.0
235,5,205720.9527206518,1305569.5078743428,337040.7404062248,2577579.9663310763,4425911.167332295,49156.14755578966,17,17,0.0
236,5,208943.8984591321,1327090.327574154,340033.11393656686,2611351.6878669057,4487419.027836759,61507.86050446232,17,17,0.0
237,5,212490.35052639464,1327042.6111593375,341148.1812831607,2650327.094927795,4531008.237896688,43589.21005992915,17,17,0.0
238,5,218109.87423651735,1341768.187262706,345651.2713983462,2679452.1082007955,4584981.441098365,53973.20320167645,17,17,0.0
239,5,120000.0,1355897.2711139992,348410.206374989,2808246.3953816853,4632553.872870673,47572.431772309836,18,18,0.0
240,5,121907.16812122325,1370626.1700905825,350367.31934126647,2838381.7947096517,4681282.452262724,48728.57939204955,18,18,0.0
241,5,123658.28931569321,1385112.322030197,352157.39183674793,2869773.4398242254,4730701.443006864,49418.9907441399,18,18,0.0
242,5,125697.95588448935,1398748.343540245,353977.66675816244,2906498.9191700374,4784922.885352934,54221.44234607088,18,18,0.0
243,5,126722.83628544603,1413240.8333344525,356500.8948480446,2941012.676644824,4837477.241112767,52554.35575983236,18,18,0.0
244,5,127866.29122260382,1413240.8333344525,359668.7609484769,2980607.600867541,4881383.486373074,43906.245260307674,18,18,0.0
245,5,127056.46706774872,1439132.5373983944,361641.6247565511,3020090.9690963468,4947921.598319041,66538.11194596766,18,18,0.0
246,5,128459.50894117611,1454012.859833216,363438.0855475242,3057476.1983340527,5003386.652655969,55465.05433692683,18,18,0.0
247,5,130616.54598578473,1462711.245856196,368314.391996629,3097469.9202588713,5059112.104097481,55725.45144151201,19,19,0.0
248,5,131950.6373216842,1486690.5017673895,369620.191451901,3131038.98604262,5119300.316583594,60188.21248611421,19,19,0.0
249,5,135279.65145468843,1503290.9528328988,370868.7173575064,3169585.953031208,5179025.2746763015,59724.95809270766,20,20,0.0
250,5,135243.16887753096,1539210.6878620896,373950.9812832862,3213363.2061285847,5261768.0441514915,82742.76947518915,20,20,0.0
251,5,137491.18857711618,1582532.4552112338,375766.4311136696,3260649.638831354,5356439.713733374,94671.66958188143,20,20,0.0
252,5,142681.7517268766,1593690.593929391,377691.9794648884,3305475.9204954496,5419540.2456166055,63100.531883232834,20,20,0.0
253,5,146178.73390496185,1622093.316845701,377297.76881489705,3338548.942087764,5484118.761653325,64578.51603671774,20,20,0.0
254,5,146178.73390496185,1649083.357336531,379120.49332640314,3379999.5112339463,5554382.095801842,70263.33414851943,20,20,0.0
255,5,148349.21087886812,1667252.59728476,382622.82963311934,3420891.880133716,5619116.517930463,64734.42212862174,20,20,0.0
256,5,150467.22029417485,1685640.453325497,386202.4975559877,3462236.170354942,5684546.3415306015,65429.82360013657,20,20,0.0
257,5,152125.7817920783,1702720.5674018303,388208.61777858716,3502360.3324709428,5745415.299443439,60868.957912837766,20,20,0.0
258,5,155732.875752528,1720122.260267664,393042.3123067729,3548175.2147273314,5817072.663054297,71657.363610858,21,21,0.0
259,5,159192.60867146414,1764012.6120130075,395279.3258131592,3592319.018151897,5910803.564649528,93730.90159523071,21,21,0.0
260,5,161715.01088995129,1776467.1564454776,398696.01937976596,3626535.706841928,5963413.893557123,52610.32890759476,21,21,0.0
261,6,165958.98894940823,1795362.0002559253,400161.5657192235,3668482.3650549827,6029964.91997954,66551.02642241723,21,21,0.0
262,6,168501.44713461847,1813032.9904829545,405701.7036417071,3711009.095234751,6098245.236494031,68280.31651449087,21,21,0.0
263,6,174625.6901894824,1859317.7976733432,411383.61039009603,3746569.779425776,6191896.877678698,93651.64118466721,21,21,0.0
264,6,177488.2418782972,1887844.0121470843,413586.0043791335,3795704.0671964996,6274622.325601015,82725.44792231663,22,22,0.0
265,6,179235.03849593468,1922106.876227208,415551.8248986062,3840125.0708540557,6357018.810475804,82396.48487478943,22,22,0.0
266,6,182200.5198581812,1940916.973525325,419371.2129104441,3887237.2633168134,6429725.969610764,72707.15913496,22,22,0.0
267,6,184848.01690021955,1959634.8852179332,420677.83931016887,3938370.4935625503,6503531.234990872,73805.26538010708,22,22,0.0
268,6,183646.64108374645,1977048.4858219137,420677.83931016887,3986713.404653712,6568086.370869542,64555.13587866998,22,22,0.0
269,6,186080.45736744563,1997696.3115875176,423047.45139209984,4052417.1160812173,6659241.336428281,91154.96555873974,22,22,0.0
270,6,190315.59382509653,2011051.2874196556,426485.20450791524,4106336.0194863463,6734188.105239013,74946.7688107332,22,22,0.0
271,6,189211.6018000713,2030532.025356373,428866.8044198924,4163092.1032432625,6811702.534819599,77514.4295805844,24,24,0.0
272,6,191811.1260069806,2062685.9372729794,428697.2293101235,4218092.197726805,6901286.490316888,89583.9554972901,24,24,0.0
273,6,191811.1260069806,2085563.4268554018,433947.8246627486,4274129.693663498,6985452.07118863,84165.58087173982,24,24,0.0
274,6,197009.44925441148,2144625.7943916977,437497.9602305361,4321694.733117994,7100827.936994639,115375.86580601108,26,26,0.0
275,6,201773.52341374528,2167201.427004069,439960.61582512135,4367121.63384989,7176057.200092826,75229.26309818638,26,26,0.0
276,6,206304.92268816315,2188070.392117302,443399.7669697758,4414909.615230115,7252684.697005356,76627.49691252943,26,26,0.0
277,6,211112.36418610878,2247090.9134579743,444581.3268475867,4469734.066351607,7372518.670843277,119833.97383792073,27,27,0.0
278,6,212928.75840988863,2257808.9721952407,445769.3104130547,4525574.396864473,7442081.437882656,69562.76703938196,27,27,0.0
279,6,218752.5165321208,2279436.9129275447,447753.35496474407,4578703.884664992,7524646.669089401,82565.23120674514,28,28,0.0
280,6,120000.0,2338724.1671127654,449377.9089282719,4739152.830248693,7647254.90628973,122608.23720032815,29,29,0.0
281,6,122615.33162135143,2334173.017674138,453005.97792679246,4798730.97791761,7708525.305139892,61270.39885016024,30,30,0.0
282,6,125589.98042960178,2359576.374660405,455385.44657151133,4855282.13873461,7795833.940396128,87308.63525623785,30,30,0.0
283,6,127720.54299689883,2383979.1944499956,458838.58362991054,4919232.089122198,7889770.410199002,93936.46980287462,30,30,0.0
284,6,129476.64763608838,2447893.7169448254,460556.6819242683,4976175.302746849,8014102.349252031,124331.93905302716,30,30,0.0
285,6,130561.96874356504,2447893.7169448254,466511.5139569026,5028440.968026099,8073408.167671392,59305.818419359675,30,30,0.0
286,6,132461.9871587806,2473433.918860082,466511.5139569026,5086611.478723527,8159018.898699292,85610.73102790258,30,30,0.0
287,6,136179.80466577085,2473433.918860082,468961.93548835535,5148615.231301438,8227190.890315646,68171.99161635547,31,31,0.0
288,6,138154.7333858199,2541649.8122832663,475553.39070968074,5214888.518685904,8370246.455064671,143055.56474902155,33,33,0.0
289,6,141234.77016644375,2569299.4846469797,478074.80476074625,5279926.254112854,8468535.313687023,98288.85862235173,33,33,0.0
290,6,143615.98945869083,2612221.2912664507,480664.0986013949,5337163.589197501,8573664.968524037,105129.65483701497,33,33,0.0
291,6,149668.87002076732,2660094.341013989,482021.7488059215,5403277.879668068,8695062.839508746,121397.87098470825,33,33,0.0
292,6,151971.43808318337,2686222.481910468,484689.31263339706,5468196.475126019,8791079.707753068,96016.86824432327,33,33,0.0
293,6,156159.27372891005,2712071.534297568,487285.6802016995,5543893.201613639,8899409.689841816,108329.98208874761,33,33,0.0
294,6,155369.34507098346,2751707.0592412446,491886.23571174033,5610654.667655464,9009617.307679433,110207.61783761757,34,34,0.0
295,6,157691.6702599981,2779627.6344956276,494561.58290551894,5670972.170151748,9102853.057812892,93235.75013345783,34,34,0.0
296,6,164262.5466660724,2811147.495189948,498488.7850876864,5751284.505749804,9225183.33269351,122330.2748806185,35,35,0.0
297,6,166618.3638941858,2838318.6290083826,503021.47129546775,5831168.8424045835,9339127.30660262,113943.97390910903,35,35,0.0
298,6,169226.112538684,2891998.4225596613,507385.97308070486,5903693.851899475,9472304.360078525,133177.05347590562,36,36,0.0
299,6,171741.7177597601,2936299.8357192148,511736.5230831198,5978553.139224934,9598331.215787029,126026.8557085031,36,36,0.0
300,6,174483.56222813047,2956595.8759653633,514501.5855473294,6072994.83394425,9718575.857685074,120244.64189804529,36,36,0.0
301,6,177287.0464653532,2984782.93144458,517151.24530873186,6146427.675747977,9825648.898966642,107073.04128156899,36,36,0.0
302,6,178599.17896554238,3015187.6872159285,521055.78163872246,6226261.787343638,9941104.435163831,115455.53619718968,36,36,0.0
303,6,181351.97400579558,3047818.8455684325,524836.8466871313,6306950.782004542,10060958.4482659,119854.013102069,37,37,0.0
304,6,184223.73755371655,3082054.674077821,526312.8405511609,6378140.801802029,10170732.053984728,109773.60571882743,37,37,0.0
305,6,186254.83860013864,3130962.2994365017,530617.8589766665,6448931.404848383,10296766.40186169,126034.34787696353,37,37,0.0
306,6,188210.4800869466,3217270.697168616,535320.6889455365,6535160.771000162,10475962.63720126,179196.235339571,37,37,0.0
307,6,195758.0719582593,3302378.6182810864,538300.5059511126,6604837.566467772,10641274.762658231,165312.125456968,38,38,0.0
308,6,201125.27142660177,3325579.57579736,543021.8318817636,6694445.153973154,10764171.83307888,122897.07042064988,39,39,0.0
309,6,202925.49409653762,3385393.328831192,547244.1190732843,6781229.989957562,10916792.931958575,152621.0988796954,39,39,0.0
310,6,207829.73626636039,3446680.4297671295,549938.7749760995,6863845.358245155,11068294.299254745,151501.36729617,40,40,0.0
311,6,211036.5245621844,3470729.2818953064,552619.3837300469,6939409.3320857035,11173794.522273242,105500.22301849697,41,41,0.0
312,6,215917.4054822,3528524.142600934,555395.4613888294,7018602.679080443,11318439.688552406,144645.16627916577,41,41,0.0
313,7,215917.4054822,3559752.431956279,558006.3266140894,7060449.305519897,11394125.469572466,75685.78102005582,41,41,0.0
314,7,218956.75411166673,3577186.4156194394,559559.078381858,7106019.868074998,11461722.116187964,67596.64661549579,41,41,0.0
315,7,218956.75411166673,3585928.835038707,561650.5751861038,7146436.438429924,11512972.602766402,51250.48657843993,41,41,0.0
316,7,120000.0,3599225.1523541,562881.3877520887,7284053.848238619,11566160.388344808,53187.7855784087,42,42,0.0
317,7,120843.07372116065,3618368.389677794,564154.3817133096,7332006.336272608,11635372.181384873,69211.79304006168,42,42,0.0
318,7,121745.0081876649,3618368.389677794,566801.2273184394,7368674.002781314,11675588.627965212,40216.44658034375,42,42,0.0
319,7,123403.5207093746,3638547.8184362915,570710.1998386678,7415351.778849082,11748013.317833416,72424.68986820352,42,42,0.0
320,7,124066.07017904015,3670430.488888694,572889.5262468148,7456909.9261205625,11824296.01143511,76282.69360169466,42,42,0.0
321,7,125048.44868288968,3715834.442010566,573807.4573629476,7503238.452151201,11917928.800207604,93632.7887724917,42,42,0.0
322,7,127562.0488879094,3746150.4552767216,576073.9642993005,7545112.410426982,11994898.878890913,76970.07868331054,42,42,0.0
323,7,128494.6318589517,3775992.988984807,578390.854289856,7596421.561121533,12079300.036255147,84401.15736423427,42,42,0.0
324,7,130861.23720350355,3797208.2224632176,579833.2089624547,7641560.74355235,12149463.412181526,70163.37592637826,42,42,0.0
325,7,132362.77254724628,3815689.6819018186,582087.4892865095,7692130.915304087,12222270.85903966,72807.44685813478,42,42,0.0
326,7,133070.69986081685,3825141.4914843095,583611.2463711269,7740569.2850839235,12282392.722800177,60121.86376051654,42,42,0.0
327,7,133070.69986081685,3861151.6505236975,587452.8857772322,7794762.349594251,12376437.585755996,94044.86295581746,42,42,0.0
328,7,134515.15627117385,3880673.4607655327,589632.8442215836,7840181.523567862,12445002.984826151,68565.39907015678,42,42,0.0
329,7,135654.5292522411,3911016.384399342,590996.3352761212,7886815.607100714,12524482.856028419,79479.87120226688,43,43,0.0
330,7,138488.54082034377,3939849.87448143,592533.458262867,7937494.240223704,12608366.113788344,83883.25775992642,43,43,0.0
331,7,141279.35581935462,3959077.490658108,593602.0337236896,7989749.570772034,12683708.450973187,75342.3371848407,43,43,0.0
332,7,142313.05569189313,3988356.907521463,595162.9431412601,8037568.763518346,12763401.669872962,79693.21889977684,43,43,0.0
333,7,143432.53040902482,4008422.0969074825,596796.5786114478,8085435.738922769,12834086.944850724,70685.27497776301,44,44,0.0
334,7,144013.94507287204,4056852.93561781,599435.3898214459,8137470.792320652,12937773.06283278,103686.11798205567,44,44,0.0
335,7,144721.3525395264,4077040.257985964,603519.2625936833,8189007.545162915,13014288.418282088,76515.3554493056,44,44,0.0
336,7,145796.3385001482,4098506.5032976526,605238.8120126337,8239431.796050162,13088973.449860595,74685.03157851142,44,44,0.0
337,7,147004.80721562594,4121739.0111584086,606377.1458839312,8291370.153763174,13166491.11802114,77517.66816054042,44,44,0.0
338,7,147532.28157572402,4141588.6530147535,607787.7104587929,8338268.127867145,13235176.772916416,68685.65489527641,45,45,0.0
339,7,148117.87409083603,4165177.076342206,610654.7640362846,8392270.18524268,13316219.899712007,81043.12679559093,45,45,0.0
340,7,148864.69253509087,4187511.649763685,613413.1057789804,8443796.810539443,13393586.2586172,77366.35890519322,45,45,0.0
341,7,150516.64689816828,4209979.945440571,615939.1802064307,8493955.32826185,13470391.10080702,76804.84218982192,45,45,0.0
342,7,153706.3881579459,4232173.206450575,617666.2092028867,8544894.396680148,13548440.200491555,78049.09968453193,45,45,0.0
343,7,154836.9381397572,4270724.917325466,620405.4717084477,8598301.749351317,13644269.076524988,95828.87603343293,46,46,0.0
344,7,157739.43155520526,4302172.797924735,623005.2839981256,8651892.084836643,13734809.598314708,90540.52178972447,46,46,0.0
345,7,159604.13772532853,4321087.302066299,624588.1904533249,8699452.312822323,13804731.943067275,69922.34475256746,47,47,0.0
346,7,161450.9812220909,4333171.728624242,626107.2072736438,8750635.790801382,13871365.70792136,66633.76485408249,47,47,0.0
347,7,163526.18703210654,4355950.71952001,628381.8734187532,8801856.746933993,13949715.526904862,78349.81898350577,47,47,0.0
348,7,165786.15495600292,4378672.889565789,629747.3762573705,8858390.101023061,14032596.521802224,82880.99489735793,47,47,0.0
349,7,167045.85003706082,4410937.616320883,631529.7001120117,8918103.89833309,14127617.064803045,95020.54300082193,48,48,0.0
350,7,168174.32378212822,4424856.621779798,633099.3195197356,8970065.645206256,14196195.910287917,68578.84548487312,48,48,0.0
351,7,169502.72443608017,4441360.666111881,634616.4609904937,9029852.855236648,14275332.706775103,79136.7964871812,49,49,0.0
352,7,171375.06369386704,4441360.666111881,636908.786733514,9081396.83539095,14331041.351930212,55708.645155110586,49,49,0.0
353,7,173700.35589739445,4475932.612961309,638438.6906056888,9144617.283860734,14432688.943325125,101647.59139491459,49,49,0.0
354,7,175593.43693479418,4487102.182391788,639813.6350736279,9199606.88581276,14502116.14021297,69427.19688784111,50,50,0.0
355,7,177630.2482537874,4547697.520349522,642755.1637486926,9258815.255704999,14626898.188057002,124782.04784403453,50,50,0.0
356,7,177630.2482537874,4588088.332818701,645748.7809368316,9310647.66785471,14722115.02986403,95216.84180702886,52,52,0.0
357,7,180122.25789556387,4610416.338151778,647476.1209831682,9367403.528860288,14805418.245890798,83303.21602676669,53,53,0.0
358,7,181555.13024710218,4630716.661573811,649123.3361231411,9432322.905281683,14893718.033225738,88299.7873349392,53,53,0.0
359,7,183606.4823232885,4653959.1375373155,650968.4022461018,9491633.276132077,14980167.298238784,86449.26501304703,54,54,0.0
360,7,185720.25775308235,4676918.826418194,653498.608045457,9549284.24002091,15065421.932237644,85254.63399886049,56,56,0.0
361,7,188212.2869491341,4701044.369149005,655297.2069842629,9615893.40084113,15160447.263923533,95025.33168589088,57,57,0.0
362,7,189747.10500069126,4739598.059916408,657670.0999036483,9673721.669368306,15260736.934189053,100289.67026551874,57,57,0.0
363,7,191259.962327467,4802581.430414636,661680.917825348,9728069.056748115,15383591.367315564,122854.4331265172,57,57,0.0
364,7,192649.47019306076,4826960.612308929,663387.8116158947,9791840.47495356,15474838.369071444,91247.00175587641,57,57,0.0
365,8,195570.73179080265,4858037.926715751,666690.6117082787,9911215.308216836,15631514.57843167,156676.20936022425,58,58,0.0
366,8,203695.01944965348,4912087.244655073,669184.1646926937,10039181.079230472,15824147.508027893,192632.9295962221,60,60,0.0
367,8,205905.11410256056,4963960.965990989,672493.0886354358,10159051.446290322,16001410.615019307,177263.10699141756,62,62,0.0
368,8,209120.35245302692,5011568.982091625,678338.8304195493,10283258.54133261,16182286.70629681,180876.09127750507,63,63,0.0
369,8,217052.68822605876,5066496.134606185,681762.4936281287,10412053.604625518,16377364.92108589,195078.2147890742,63,63,0.0
370,8,120000.0,5093634.823057373,685205.1641510077,10636086.118134616,16534926.105342995,157561.18425711308,64,64,0.0
371,8,121616.2920128622,5183939.836961523,687414.8048737007,10760378.132066205,16753349.06591429,218422.96057129145,64,64,0.0
372,8,124841.27937512034,5270640.849953532,687414.8048737007,10882234.296597293,16965131.230799645,211782.16488535458,64,64,0.0
373,8,124554.47332123155,5347095.421500396,696609.6037136966,11003539.894633565,17171799.39316889,206668.16236924301,66,66,0.0
374,8,126436.00037657582,5347095.421500396,702135.973911265,11138428.02359163,17314095.419379868,142296.02621097953,68,68,0.0
375,8,126436.00037657582,5387660.5958772255,706007.1960127609,11264691.396243226,17484795.18850979,170699.76912991778,69,69,0.0
376,8,129634.54495578982,5424795.789043889,709404.2467284267,11403119.634080129,17666954.214808233,182159.02629845042,69,69,0.0
377,8,131512.37121056527,5473095.755501798,718801.6766516884,11542137.385213524,17865547.188577577,198592.9737693389,69,69,0.0
378,8,135075.73481984134,5569019.661475659,722367.7178160123,11682234.60095786,18108697.715069372,243150.5264917928,69,69,0.0
379,8,135075.73481984134,5715985.83838518,721526.4757109885,11824283.05351012,18396871.10242613,288173.3873567624,69,69,0.0
380,8,137364.73626893834,5819262.82506777,723649.237567686,11958713.312421344,18638990.11132574,242119.00889960668,70,70,0.0
381,8,139619.677226076,5869358.503991179,733901.8243952652,12098237.224275174,18841117.229887694,202127.1185619589,71,71,0.0
382,8,141825.91415594556,5974160.4978707805,735792.7173414225,12236892.054050477,19088671.183418624,247553.95353092634,71,71,0.0
383,8,145546.67929595982,6039072.995142302,739854.6532514486,12394069.062817343,19318543.390507054,229872.20708842657,72,72,0.0
384,8,146911.9596594188,6090991.497981896,743670.6135026297,12544975.85037177,19526549.921515714,208006.53100866586,72,72,0.0
385,8,149361.08844560487,6133641.027737606,745715.6041683288,12682958.724087551,19711676.44443909,185126.5229233707,73,73,0.0
386,8,151457.72870583404,6230199.114840574,752528.3844775041,12851056.42311077,19985241.65113468,273565.20669559785,73,73,0.0
387,8,151457.72870583404,6289568.823425825,755993.1800527791,12998379.6612962,20195399.393480636,210157.74234595743,73,73,0.0
388,8,153964.60715916258,6354076.19720829,758268.3434220979,13155034.10577692,20421343.253566474,225943.8600858339,73,73,0.0
389,8,156060.09142282506,6425239.820529845,764701.0846128984,13304529.12419355,20650530.12075912,229186.86719264212,74,74,0.0
390,8,157257.15973303324,6494411.036625095,771051.9251345809,13478528.75532001,20901248.87681272,250718.75605359755,75,75,0.0
391,8,163244.70025859209,6525302.056980832,774940.581822174,13645688.503201446,21109175.842263043,207926.96545033006,75,75,0.0
392,8,163244.70025859209,6591268.960725085,774940.581822174,13813876.977471806,21343331.220277656,234155.37801461061,76,76,0.0
393,8,164542.38869555932,6664103.180456424,778626.519003252,13991470.641239123,21598742.72939436,255411.5091167002,78,78,0.0
394,8,168721.0168696591,6737532.457639976,785342.2736122595,14146660.310254809,21838256.058376703,239513.32898235478,78,78,0.0
395,8,170901.8172892056,6855277.413061801,792420.735185476,14298644.08124136,22117244.046777844,278987.9884011359,79,79,0.0
396,8,174881.5295584361,6962567.0644919,802293.0381981797,14458200.436031722,22397942.068280235,280698.0215023924,79,79,0.0
397,8,181517.3784407331,7089123.509673222,806235.9205049741,14636550.315459996,22713427.124078926,315485.0557986889,80,80,0.0
398,8,184454.62017659284,7158976.773089022,810381.4861677972,14814953.178031955,22968766.057465367,255338.9333864365,80,80,0.0
399,8,186038.0092844709,7352038.546705443,817408.7299350174,14991465.161201099,23346950.44712603,378184.38966067246,83,83,0.0
400,8,190203.26025746294,7423628.596308961,821639.1974436067,15163558.563039,23599029.61704903,252079.16992298455,84,84,0.0
401,8,194342.56396537204,7504628.84621589,828664.6844901913,15341208.147393733,23868844.242065184,269814.6250161694,84,84,0.0
402,8,197503.16430941402,7490958.86213762,835039.7074999611,15517791.017396603,24041292.7513436,172448.5092784117,84,84,0.0
403,8,200445.74672428358,7530347.838265474,842911.6735744997,15685763.048268856,24259468.30683311,218175.55548951658,86,86,0.0
404,8,203311.38192018107,7530347.838265474,846995.2485797765,15881618.233768055,24462272.702533487,202804.3957003686,86,86,0.0
405,8,207838.40227219558,7600641.902904247,850081.3106397726,16085899.929381462,24744461.545197677,282188.8426641922,86,86,0.0
406,8,209526.83743137037,7717300.726907361,854809.1479400167,16277813.455459522,25059450.16773827,314988.6225405852,87,87,0.0
407,8,209526.83743137037,7800357.015698491,865679.3071049529,16473158.633171543,25348721.79340636,289271.62566809304,87,87,0.0
408,8,212742.9579921759,7927383.58841961,873598.3968732931,16677823.107493283,25691548.05077836,342826.25737200264,88,88,0.0
409,8,216161.9069619434,8122575.543218698,876717.3952009962,16879813.44637114,26095268.291752778,403720.240974416,88,88,0.0
410,8,120000.0,8183474.060961491,884676.844654407,17183624.750897318,26371775.656513214,276507.3647604359,90,90,0.0
411,8,121913.93451010268,8224240.235504806,887100.3375055966,17398616.894963562,26631871.402484067,260095.7459708672,90,90,0.0
412,8,123926.89548511071,8352303.048640489,899643.4065629144,17622222.74422952,26998096.094918035,366224.6924339528,92,92,0.0
413,8,125249.23455105237,8434415.400826903,902384.900472474,17816562.47053683,27278612.00638726,280515.91146922304,94,94,0.0
414,8,124792.04940652598,8484689.65247925,907459.8863437948,18043765.48413802,27560707.07236759,282095.0659803311,96,96,0.0
415,8,129605.54071292728,8544877.064402781,912014.4897819071,18259004.686799083,27845501.7816967,284794.70932911197,98,98,0.0
416,8,132510.4241416159,8633978.687011752,916529.0828437309,18490069.458164066,28173087.652161166,327585.87046446296,99,99,0.0
417,9,134723.26220153912,8689668.294080656,914723.2329772835,18733830.87841167,28472945.667671148,299858.0155099846,100,100,0.0
418,9,136834.1262752843,8731396.558531554,918196.3270619637,18974896.920949686,28761323.932818487,288378.26514734805,102,102,0.0
419,9,142155.53928329522,8821174.313659826,926788.7815117964,19212978.434335064,29103097.06878998,341773.1359715072,104,104,0.0
420,9,141277.0994185961,8905095.395152291,935338.689334048,19448689.885162894,29430401.06906783,327304.0002778368,109,109,0.0
421,9,140948.51964664028,9148697.27728408,1444101.3706721948,19195618.86130037,29929366.028903287,498964.95983544015,110,111,0.0
422,9,142358.99767936644,9312323.259532515,1447754.2983162396,19395059.26359261,30297495.819120727,368129.79021744896,112,113,0.0
423,9,144676.07018209613,9418261.371214436,1458838.9726467284,19619450.164736796,30641226.578780055,343730.7596593329,113,114,0.0
424,9,148207.94207875757,9418261.371214436,1471748.7888128848,19860565.1907774,30898783.292883478,257556.71410341977,115,116,0.0
425,9,150265.92834964415,9552741.589852076,1479381.7608686627,20116113.824592013,31298503.103662394,399719.81077891577,117,118,0.0
426,9,152411.32636537915,9617263.030576281,1498673.3320548274,20356901.433802888,31625249.122799374,326746.0191369776,119,120,0.0
427,9,158280.36503468137,9669154.459737254,1506633.4138278537,20611762.150697302,31945830.38929709,320581.266497707,121,122,0.0
428,9,164157.61369448277,9772572.534956705,1518919.662770985,20861329.73670798,32316979.548130155,371149.158833063,122,123,0.0
429,9,168275.5146776594,9873753.472742364,1527275.6518216645,21106388.010093585,32675692.649335273,358713.1012051276,124,125,0.0
430,9,172214.26635193548,9969219.681719739,1534981.9678248432,21356778.80060354,33033194.71650006,357502.0671647903,127,128,0.0
431,9,179231.18636984244,10111942.92526479,1542814.7128436877,21613998.579135135,33447987.403613456,414792.68711339455,128,129,0.0
432,9,179231.18636984244,10216836.63183454,1549961.311906827,21861468.259233873,33807497.38934508,359509.98573163874,129,130,0.0
433,9,181937.95199666763,10369992.160994073,1558564.99917476,22150658.286675315,34261153.398840815,453656.00949573057,131,132,0.0
434,9,185004.46487973456,10473649.10731569,1566956.559336552,22407481.70889739,34633091.840429366,371938.4415885332,132,133,0.0
435,9,189767.2710244544,10578108.139662905,1575258.9875041007,22683732.024701793,35026866.422893256,393774.5824638937,133,134,0.0
436,9,194134.31705087016,10687095.355429295,1579181.4080673312,22943276.13245317,35403687.21300067,376820.7901074103,135,136,0.0
437,9,196920.08656255068,10954502.787350658,1593111.1578646791,23228867.536960088,35973401.568737976,569714.3557373058,135,136,0.0
438,9,196920.08656255068,11022334.0832285,1606764.4292431802,23501873.8825176,36327892.48155183,354490.9128138665,135,136,0.0
439,9,202435.55242904375,11022334.0832285,1615782.63389219,23772554.843104195,36613107.112653926,285214.63110208855,136,137,0.0
440,9,207385.876490125,11145861.74945558,1623704.4074281787,24062646.506948076,37039598.54032196,426491.42766804417,139,140,0.0
441,9,205976.52357868373,11412519.718036234,1632284.205494271,24366534.536484323,37617314.98359351,577716.4432715416,140,141,0.0
442,9,207717.0314944537,11699201.848400928,1640625.310125322,24650830.432473917,38198374.62249462,581059.6389010998,141,142,0.0
443,9,210948.4204562298,11699201.848400928,1639788.838833517,24949494.208007246,38499433.31569792,301058.6932032998,144,145,0.0
444,9,213743.44636376292,11914201.036256308,1645614.3112841959,25233733.127102498,39007291.92100676,507858.6053088516,144,145,0.0
445,9,217302.52485303985,12049881.622945147,1666362.4602432514,25540646.265883323,39474192.87392476,466900.95291801536,145,146,0.0
446,9,120000.0,12230519.020948978,1675321.1367215244,25940506.286958773,39966346.444629274,492153.5707045023,146,147,0.0
447,9,121769.32750315634,12353665.616503855,1698736.5627230552,26248718.327335697,40422889.834065765,456543.3894364888,147,148,0.0
448,9,121769.32750315634,12560261.177503785,2213281.78019005,26038375.13167582,40933687.416872814,510797.58280704555,149,151,0.0
449,9,126126.79391711403,12644597.348067567,2749954.606785677,25842474.25407484,41363153.0028452,429465.5859723897,149,152,0.0
450,9,128855.13239352917,12708831.97117379,2765563.977717354,26153718.037294727,41756969.1185794,393816.1157342143,149,152,0.0
451,9,131857.93859979208,12841488.742199969,2789705.3605656307,26484329.50880739,42247381.55017278,490412.4315933621,153,156,0.0
452,9,133887.78296646316,12981739.29898442,2814154.20694112,26792369.67183711,42722150.960729115,474769.4105563443,153,156,0.0
453,9,136067.6825358301,13113534.18203682,2829257.0267514987,27106418.934963286,43185277.82628743,463126.865558309,153,156,0.0
454,9,138168.50583345947,13251909.492970943,2854781.8281341605,27441996.739142116,43686856.56608068,501578.7397932338,155,158,0.0
455,9,143547.84111639342,13347110.709622338,2862806.719401174,27754891.421981193,44108356.6921211,421500.1260404357,157,160,0.0
456,9,147037.22690947365,13545223.198009418,2871630.2386785555,28089568.520010445,44653459.18360789,545102.4914868053,159,162,0.0
457,9,150726.33912972015,13905667.373762792,2887804.1187657043,28452238.19284475,45396436.02450296,742976.8408950312,161,164,0.0
458,9,153023.20489454272,13862216.66237666,2881404.168585028,28805659.247776207,45702303.28363244,305867.2591294868,161,164,0.0
459,9,155477.9920888972,14095482.521197643,2902062.410098503,29137045.56081152,46290068.48419656,587765.2005641388,163,166,0.0
460,9,161646.1218607979,14231644.008749688,2916085.9474225156,29509698.046891235,46819074.124924235,529005.6407276695,163,166,0.0
461,9,166136.12307931116,14330839.346153041,2930606.2193825757,29871856.867181037,47299438.55579597,480364.4308717289,165,168,0.0
462,9,168621.87821319138,14330839.346153041,2953374.6471506627,30242349.95691506,47695185.82843195,395747.27263597434,166,169,0.0
463,9,170089.14713550522,14486936.97268188,2968054.214035426,30612651.608920295,48237731.9427731,542546.1143411677,167,170,0.0
464,9,171931.0837187559,14733561.904300269,2962259.16581914,30982037.591495663,48849789.74533383,612057.802560709,169,172,0.0
465,9,173724.91063177987,14733561.904300269,2976764.235990803,31360392.06503872,49244443.11596157,394653.3706277733,169,172,0.0
466,9,177512.90543659436,14826252.950595887,2999122.19913723,31756049.393007997,49758937.44817771,514494.33221613517,169,172,0.0
467,9,180487.50157337642,14990609.182083663,3008041.2058202913,32145807.505614776,50324945.39509211,566007.9469143851,171,174,0.0
468,9,183225.13359245408,15145627.90597652,3022582.759407841,32541138.412304353,50892574.211281165,567628.8161890566,171,174,0.0
469,10,187675.7640394753,15316824.687631685,3022582.759407841,32933687.83946021,51460771.05053921,568196.839258052,174,177,0.0
470,10,192915.01798282776,15427076.53375862,3037678.807303719,33315871.284331754,51973541.64337692,512770.5928377173,177,180,0.0
471,10,196072.56816143982,15713923.615762219,3080895.4530823566,33723501.647747,52714393.28475302,740851.6413760739,181,184,0.0
472,10,204107.99629305175,15952777.106532471,3105383.2218275554,34140883.16559135,53403151.49024443,688758.2054914036,182,185,0.0
473,10,207359.45743083974,16029143.17819357,3120470.2837011544,34580939.06939829,53937911.98872386,534760.4984794626,186,189,0.0
474,10,210745.81531480516,16210832.001268711,3148227.956564828,35002057.871646926,54571863.64479527,633951.6560713819,189,192,0.0
475,10,213792.51644399524,16516886.16936998,3157265.0055339015,35467489.062358625,55355432.7537065,783569.1089112619,193,196,0.0
476,10,216102.17131779235,16471168.983596623,3172821.855070872,35866809.21528842,55726902.22527371,371469.47156718,195,198,0.0
477,10,217799.71429745818,16657586.925271226,3187910.2573746936,36289064.61090039,56352361.50784376,625459.28257008,197,200,0.0
478,10,219978.62447413735,16918271.624776494,3186923.186338402,36713510.37202306,57038683.80761209,686322.2997683294,202,205,0.0
479,10,120000.0,17197185.652777024,3213853.8239790522,37257705.711422764,57788745.18817884,750061.3805667807,207,210,0.0
480,10,121688.93724142326,17382578.504591092,3231361.6753568077,37731219.629498385,58466848.74668771,678103.5585087979,212,215,0.0
481,10,124618.15248702183,17649590.78947476,3258252.0531386076,38169808.89616446,59202269.89126485,735421.144577165,216,219,0.0
482,10,126445.56069608586,17980735.706392992,3283103.9704732215,38601142.57674007,59991427.81430237,789157.9230375324,217,220,0.0
483,10,131078.38580294797,18176022.431936644,3326195.9120718064,39063286.15741737,60696582.88722877,705155.0729264067,219,222,0.0
484,10,133150.63147687312,18657002.386762887,3357423.941439565,39529923.88351417,61677500.8431935,980917.9559646992,226,229,0.0
485,10,135060.9270691545,18843729.08431898,3381476.7623631186,39998237.177218504,62358503.950969756,681003.107776264,227,230,0.0
486,10,136512.5768664511,19031086.415066928,3398483.673170252,40466685.81206236,63032768.47716599,674264.5261962208,236,239,0.0
487,10,138622.9883188089,19144075.263771966,3416378.75469315,40926687.42284101,63625764.42962494,592995.9524589668,238,241,0.0
488,10,140875.12476051846,19331761.894889377,3426760.756490504,41398536.3954023,64297934.1715427,672169.7419177125,242,245,0.0
489,10,143138.75567160852,19331761.894889377,3423772.0108120823,41879461.66926571,64778134.33063878,480200.1590961135,249,252,0.0
490,10,146267.6132602131,19498063.96210105,3441131.5188227077,42370697.25502109,65456160.34920506,678026.0185663,249,252,0.0
491,10,152118.24725129516,19832632.1544287,3456465.642735897,42886472.77392853,66327688.81834443,871528.469139358,253,256,0.0
492,10,156026.73937351597,20307962.358459573,3472377.7343504094,43387794.22330833,67324161.05549183,996472.2371473811,255,258,0.0
493,10,160364.14115656904,20528502.550661776,3498711.8995631295,43888525.300085366,68076103.89146684,751942.8359750195,257,260,0.0
494,10,160145.3863392469,21105312.877905436,4045448.1881804066,43913328.71230166,69224235.16472675,1148131.2732599408,258,262,0.0
495,10,163861.15122784922,21416584.58485323,4045290.2271898002,44446117.622205764,70071853.58547664,847618.4207498874,260,264,0.0
496,10,167720.97169995715,21620232.320724208,4098614.8759873766,44946580.92223814,70833149.09064968,761295.5051729949,261,265,0.0
497,10,170418.42295802163,21951980.740434986,4120705.5379950614,45501403.23863848,71744507.94002655,911358.8493768689,262,266,0.0
498,10,171635.98386033587,22362488.583763976,4120705.5379950614,46039069.172252625,72693899.277872,949391.3378454957,264,268,0.0
499,10,178080.29059286122,22577643.875056874,4131062.4061352527,46590517.16504192,73477303.73682691,783404.4589548702,267,271,0.0
500,10,185294.8318018251,22795284.803126484,4151195.397108906,47109173.38008908,74240948.4121263,763644.6752994198,269,273,0.0
501,10,190047.2237027098,22795284.803126484,4147585.2307123262,47666531.74162588,74799448.99916741,558500.5870411053,270,274,0.0
502,10,192999.9725151717,22909976.103556328,4158012.1797144413,48214042.02694984,75475030.28273578,675581.2835683676,273,277,0.0
503,10,196151.11196458386,23337866.779999536,4180782.599044578,48770959.92892664,76485760.41993535,1010730.1371995133,275,279,0.0
504,10,201554.51094573378,23767197.6611417,4213570.97707362,49329000.23597365,77511323.3851347,1025562.9651994435,278,282,0.0
505,10,204641.24150650194,23996041.512790967,4248982.222038982,49909436.881970614,78359101.85830706,847778.4731722863,280,284,0.0
506,10,207836.2239583603,24438062.977148894,4272025.715471082,50502944.9333285,79420869.84990683,1061767.9915998506,282,286,0.0
507,10,210971.63962811462,24890751.293496024,4287122.608764508,51100041.33228513,80488886.87417378,1068017.0242669277,284,288,0.0
508,10,212987.77168571317,25137931.08906293,4306560.461018139,51676168.965459704,81333648.28722648,844761.4130527235,289,293,0.0
509,10,217576.07951823372,25406925.725593295,4306560.461018139,52284617.82178617,82215680.08791584,882031.8006893266,291,295,0.0
510,10,120000.0,25668514.248392724,4327658.505347975,52998622.569432184,83114795.32317288,899115.2352570083,294,298,0.0
511,10,121026.60628382397,26055277.141420394,4367733.64168651,53615766.45723579,84159803.84662652,1045008.5234536696,299,303,0.0
512,10,123074.77755113483,26302073.238354683,4406820.706920463,54237251.4114365,85069220.13426277,909416.2876362698,302,306,0.0
513,10,125939.99383671577,26561546.525703356,4448187.077307104,54902546.81150429,86038220.40835147,969000.2740886157,305,309,0.0
514,10,127995.58348462915,27005249.264346115,4459337.779844794,55587519.78766681,87180102.41534235,1141882.0069909822,307,311,0.0
515,10,129821.21174228503,27253432.292328596,4975361.5176182,55750030.54980264,88108645.57149172,928543.1561493296,307,312,0.0
516,10,134539.5746963731,27528524.205629017,4991917.18725795,56450274.55950197,89105255.5270853,996609.9555936358,309,314,0.0
517,10,136516.7653421604,28047329.89950733,5016473.216168817,57103303.12819689,90303623.00921519,1198367.482129808,312,317,0.0
518,10,142150.67426518654,28746243.247859117,5547028.688329503,57302522.195624314,91737944.80607812,1434321.7968629533,315,321,0.0
519,10,143171.46893092158,29285932.416526627,5575325.765097734,57995324.18606629,92999753.83662158,1261809.0305434517,318,324,0.0
520,10,145441.4176733602,29577476.268745404,5644692.389838714,58671713.665505074,94039323.74176255,1039569.9051410363,320,326,0.0
